artist_id,artist_genre,artist_follower_count
5ttgIeUVka6FLyi00Uu5h8,"['bass house', 'brostep', 'edm', 'electro house', 'electronic trap', 'house']",325977
0XW7mqhbaQnRtHmwfAVg64,"['brostep', 'electro house', 'electronic trap', 'zapstep']",37132
0jNDKefhfSbLR9sFvcPLHo,"['edm', 'electro house', 'electronic trap', 'electropop', 'pop edm', 'vapor twitch']",550744
2o5jDhtHVPhrJdv3cEQ99Z,"['big room', 'brostep', 'dance pop', 'dutch edm', 'edm', 'electro house', 'house', 'trance', 'tropical house']",4935665
548YUkLaLzti0BLqaWpn1W,"['bass house', 'brostep', 'electro house', 'electronic trap']",43906
5TgQ66WuWkoQ2xYxaSTnVP,"['belgian edm', 'drum and bass', 'liquid funk']",357513
6EqFMCnVGBRNmwPlk2f3Uc,"['bass house', 'brostep', 'deep groove house', 'edm', 'electro house', 'electronic trap', 'fidget house', 'house']",58603
7tm9Tuc70geXOOyKhtZHIj,"['bass house', 'deep groove house', 'electro house', 'house']",41699
7zm3aSdmGiOkTt0aZFSO8R,"['bass house', 'brostep', 'deep groove house', 'electro house', 'electronic trap', 'house']",35908
4dvZ0abeUaiHm7Fu9Gj0PQ,"['bass trap', 'brostep', 'catstep', 'complextro', 'edm', 'electro house', 'electronic trap', 'filthstep', 'zapstep']",147743
6Vh6UDWfu9PUSXSzAaB3CW,"['grime', 'hip house', 'house', 'tropical house', 'uk dance']",242883
7w1eTNePApzDk8XtgykCPS,"['bass house', 'brostep', 'edm', 'electro house', 'electronic trap', 'house']",144422
0deIjoDjl9g9Zpw0sCIOHh,"['bass house', 'brostep', 'edm', 'electro house', 'electronic trap', 'house', 'moombahton']",163085
67qogtRNI0GjUr8PlaG6Zh,"['brostep', 'canadian electronic', 'edm', 'electro house', 'electronic trap', 'progressive electro house']",431556
09GJU4jF4zhNfN72mTyMCi,"['bass trap', 'catstep', 'danish electronic', 'electro house', 'electronic trap']",8293
540vIaP2JwjQb9dm3aArA4,"['dance pop', 'edm', 'electronic trap', 'pop']",6696506
76TM3QXivQvlLmZxdYxMZr,"['bubble trance', 'bubblegum dance', 'eurodance', 'europop', 'german techno', 'hip house']",22199
5he5w2lnU9x7JFhnwcekXX,"['brostep', 'complextro', 'edm', 'electro', 'electro house']",7477047
1YYJxpOXYk1z1WtqdeLMkn,"['bass house', 'brostep', 'catstep', 'complextro', 'edm', 'electro house', 'electronic trap', 'filthstep', 'zapstep']",73367
3EXfNuPuR3OFEdlyoSutcG,"['bass house', 'brostep', 'edm', 'electro house', 'electronic trap', 'zapstep']",56127
26RHyTSsP5JoS4udf8txU5,"['brostep', 'electronic trap']",24471
2sfSQ1BOzaFQa3LZj6OGwD,"['electronic trap', 'vapor twitch']",25175
6nS5roXSAGhTGr34W6n7Et,"['house', 'pop', 'tropical house', 'uk dance']",1724857
14L5rpGTLVUz1pD8fUeJB1,['lilith'],127328
6nxWCVXbOlEVRexSbLsTer,"['australian dance', 'australian electropop', 'australian indie', 'downtempo', 'edm']",1974123
5eIbEEQnDM8yuDVB0bimSP,"['bass trap', 'brostep', 'edm', 'electro house', 'electronic trap']",320671
47z7ZrgFoBvVpCnElCE3Zh,"['bass trap', 'brostep', 'edm', 'electro house', 'electronic trap']",882416
1hHN9TYGRCKPJEX0I2CE0v,['polish post-rock'],996
4AA8eXtzqh5ykxtafLaPOi,"['aussietronica', 'brostep', 'edm', 'electro house', 'electronic trap', 'escape room', 'indietronica', 'vapor soul', 'vapor twitch']",253907
5l9wiTZVfqQTfMDOt0HtwC,"['alternative dance', 'canadian electronic', 'dance-punk', 'electroclash', 'electronica', 'filter house', 'minimal techno', 'new rave', 'tech house']",83116
0ONHkAv9pCAFxb0zJwDNTy,"['gangster rap', 'hip hop', 'pop rap', 'rap', 'southern hip hop', 'trap', 'underground hip hop']",1604194
20DZAfCuP1TKZl5KcY7z3Q,"['brostep', 'edm', 'electro house', 'electronic trap', 'pop edm']",199270
2u01kCKA5wDvvztuH8lyT0,"['brostep', 'deathstep', 'edm', 'electro house', 'electronic trap']",75012
57LYzLEk2LcFghVwuWbcuS,['pop'],1031515
4ClziihVpBeFXNyDH83Lde,"['alternative r&b', 'bedroom soul', 'indie r&b', 'pop']",216015
2h93pZq0e7k5yf4dywlkpM,"['alternative r&b', 'hip hop', 'lgbtq+ hip hop', 'neo soul', 'pop']",5452514
74V3dE1a51skRkdII8y2C6,"['atl hip hop', 'dirty south rap', 'southern hip hop']",150785
2joIhhX3Feq47H4QXVDOr3,"['australian r&b', 'bedroom soul', 'indie r&b', 'pop']",102644
3eCd0TZrBPm2n9cDG6yWfF,"['k-pop', 'korean r&b']",766163
2FwDTncULUnmANIh7qKa5z,"['filter house', 'indie soul']",682649
5rBFU1rhgs1nNghopuj9k8,"['alternative r&b', 'experimental hip hop']",18899
1vct46rBqLNRbE9wCibXUH,"['k-hop', 'k-indie', 'korean pop', 'korean r&b']",83865
0dTj3SqwE8kPnCzyzvYzhT,"['k-indie', 'korean r&b']",150913
3TVXtAsR1Inumwj472S9r4,"['canadian hip hop', 'canadian pop', 'hip hop', 'pop rap', 'rap', 'toronto rap']",45646939
5WQxQAu4xmUwCzxPw3GiB4,"['alternative r&b', 'trap soul']",61393
3KV3p5EY4AvKxOlhGHORLg,"['chicago rap', 'dance pop', 'pop', 'pop rap', 'r&b', 'southern hip hop', 'trap', 'urban contemporary']",4159779
2HPaUgqeutzr3jx5a9WyDV,"['hip hop', 'pop', 'pop rap', 'rap', 'toronto rap', 'trap', 'urban contemporary']",2247287
3TivtPfIkv4Q5m2eoT60cW,[],387
1W7FNibLa0O0b572tB2w7t,"['alternative r&b', 'bedroom soul', 'indie r&b', 'pop']",252499
5ZS223C6JyBfXasXxrRqOk,"['alternative r&b', 'pop', 'r&b']",3007989
3Y7RZ31TRPVadSFVy1o8os,"['pop', 'r&b']",2313093
3tlXnStJ1fFhdScmQeLpuG,"['alternative r&b', 'dmv rap', 'rap']",554922
0cIbGrllcQSKTM3AxUxHiL,[],48105
6XNG2G52nQtVPA3ebHTtlp,"['cali rap', 'social media pop']",12081
5TbLOwv8BNnik3f03NZJlt,['meme rap'],97289
15UsOTVnJzReFVN1VCnxy4,"['emo rap', 'miami hip hop']",18717896
2rhFzFmezpnW82MNqEKVry,"['miami hip hop', 'rap', 'trap', 'underground hip hop']",3136018
2IDLDx25HU1nQMKde4n61a,['indonesian hip hop'],1411055
6f9bmfkqiYbhCtdAZsv7KI,"['korean trap', 'underground hip hop']",248732
2OaHYHb2XcFPvqL3VsyPzU,"['dmv rap', 'escape room', 'pop rap', 'trap queen']",369215
5bCwYvvFvWOEXtO9W7p0Iv,"['dark trap', 'emo rap', 'underground hip hop', 'vapor trap']",127096
6HhsbprrJmKeaH8SgSlGge,[],8391
0zPILh9oEH0fDagpkHTQQ8,"['dark trap', 'emo rap', 'underground hip hop']",189418
6Xgp2XMz1fhVYe7i6yNAax,"['melodic rap', 'rap', 'trap']",4419223
2P5sC9cVZDToPxyomzF1UH,"['conscious hip hop', 'gangster rap', 'hip hop', 'rap', 'southern hip hop', 'trap', 'underground hip hop']",1665754
6kYViCeiqcUZXgPVdCIKBi,[],37319
57SA5Qv24Vydwd6bJnV8fI,"['dark trap', 'underground hip hop', 'vapor trap']",161284
0O1cTzccAEKaEFShgzAK9V,"['dark trap', 'miami hip hop', 'underground hip hop', 'vapor trap']",95825
1tG7s7S4sq2eFFW0QZyLbm,['nyc rap'],52996
0eDvMgVFoNV3TpwtrVCoTj,"['rap', 'trap']",362526
7e10JUMF7MJmmwYpnTSMI5,"['gangster rap', 'harlem hip hop', 'hip hop', 'nyc rap', 'pop rap', 'rap', 'southern hip hop', 'trap']",441086
4OBJLual30L7gRl5UkeRcT,"['atl hip hop', 'dance pop', 'dirty south rap', 'gangster rap', 'hip hop', 'pop rap', 'rap', 'southern hip hop', 'trap']",3213203
0NbfKEOTQCcwd6o7wSDOHI,"['gangster rap', 'hip hop', 'pop rap', 'rap', 'southern hip hop', 'trap']",2491184
3q7HBObVc0L8jNeTe5Gofh,"['east coast hip hop', 'gangster rap', 'hip hop', 'pop rap', 'queens hip hop', 'rap']",5925615
13ubrt8QOOCPljQ2FL1Kca,"['east coast hip hop', 'hip hop', 'pop rap', 'rap', 'trap']",6692285
34Y0ldeyUv7jBvukWOGASO,"['nyc rap', 'trap']",895059
5dHt1vcEm9qb8fCyLcB3HL,"['hip hop', 'pop rap', 'rap', 'southern hip hop', 'trap', 'underground hip hop']",2342242
6vXTefBL93Dj5IqAWq6OTv,"['hip hop', 'pop rap', 'rap', 'southern hip hop', 'trap']",3386280
0I5HubncQ8E1MFZOlPDY4J,"['atl hip hop', 'rap', 'southern hip hop', 'trap']",234118
5IcR3N7QB1j6KBL8eImZ8m,"['gangster rap', 'hip hop', 'pop rap', 'rap', 'southern hip hop', 'trap', 'underground hip hop']",3028209
137W8MRPWKqSmrBGDBFSop,"['hip hop', 'pittsburgh rap', 'pop rap', 'rap', 'southern hip hop', 'trap']",8913259
1je11NKORfLMSjgSNP0DPF,['melodic rap'],66747
20f082mpijx900V6pFo7Gu,[],812
6FheakPfcCNN0NeROtOKeQ,[],11270
1Oa0bMld0A3u5OTYfMzp5h,"['g funk', 'gangster rap', 'hip hop', 'pop rap', 'rap', 'west coast rap']",802390
0AuLah9u0wmQVllDzPjq8a,[],4117
4JhbRL6zaItAyzqx4gHTqz,['nyc rap'],45410
2eqoJbzUGDwys5ENUkbT3h,[],88106
3wcj11K77LjEY1PkEazffa,"['afro dancehall', 'dancehall', 'nigerian hip hop', 'nigerian pop']",397831
22099GssG7Ood0d5UIh2wo,"['dancehall', 'reggae fusion']",85621
0xMFjTpcN1zaf1ZU5NaNmk,"['chutney', 'dancehall', 'soca']",18228
6eECKqQYMlTtRHFGP1VFBu,['soca'],2333
5AVAzwpIu9f3H1oegupPCd,['soca'],2063
3cb9sULs9n1DMoBDQ7YaEC,[],136
7DjHO7cJNhHO5xTaXwgi7w,[],143
4FqeF4EINBD7lE3ulmExh2,[],112
04pf773tnBOux7gJaH108H,"['african percussion', 'dancehall', 'soca']",8955
4mk1ScvOUkuQzzCZpT6bc0,[],243
7E6r9S8qCRfZVCjF1A8do6,"['chutney', 'dancehall', 'melbourne indie', 'soca']",16670
1yzePBgnaJhaFDpgt7MpxA,"['chutney', 'dancehall', 'soca']",15564
6wxP7SSzfvi21Cnl8JicdQ,"['chutney', 'dancehall', 'soca']",83546
5DRRGfWRlQ2CIZQUHuPMEj,['soca'],1037
4uhgPJ7TDQ1goqaXlZM9oY,[],10207
1K23l3n63BTCtIMm0TyS4c,"['dancehall', 'soca']",10431
3nwYsifpwrKmCIpw4i0HDW,"['dancehall', 'rap kreyol']",221319
5selbVFrTsq2rTkqPWrHiA,"['chutney', 'dancehall', 'soca']",2860
35KCSzO0sDCLggvo39D9ng,"['dancehall', 'nigerian hip hop', 'soca']",7839
56BHYURgbka2nQbBy8XZ3x,"['dancehall', 'soca']",12151
7oMRcCu0OYSCtCyS3P37iC,"['dancehall', 'uk dancehall']",89521
4RfTXjK9aiiIKDaKUHpL57,"['dancehall', 'reggae fusion', 'soca']",246313
7qPISKHhhKDLZTmYcX7bWd,"['dancehall', 'uk dancehall']",39950
3Isy6kedDrgPYoTS1dazA9,"['dance pop', 'dancehall', 'pop', 'pop rap']",2964983
0wEvWMQRqaXcgnrZv6KtyL,"['dancehall', 'soca']",151454
6k1Y2g99ykUYvY6NnW9Rlh,['soca'],492
4wLAjfeqAsV66AocWNcowA,"['dancehall', 'lovers rock', 'modern reggae', 'reggae', 'reggae fusion', 'roots reggae']",271988
7otiKgm5qrgugGPiW4by20,['soca'],202
0crMctn4iXaE3XCHpeBkOt,"['dancehall', 'soca']",15382
4b1cMLMjCdA9zMNye5eAtl,[],8
1fctva4kpRbg2k3v7kwRuS,"['latin', 'latin hip hop', 'perreo', 'reggaeton', 'reggaeton flow', 'trap latino', 'tropical']",857639
1OFOShsIbhy1l5x73yuVyB,"['dancehall', 'soca']",98359
1zNqQNIdeOUZHb8zbZRFMX,['trap'],648874
50co4Is1HCEo8bhOyUWKpn,"['atl hip hop', 'atl trap', 'gangster rap', 'melodic rap', 'pop rap', 'rap', 'trap']",5009758
2NUz5P42WqkxilbI8ocN76,"['dancehall', 'reggae fusion']",595267
7JCisiTi3MGNkDHIXuEf0w,"['dancehall', 'soca']",5589
1V6rvT87qMQvo6HAixjlpY,"['afropop', 'dancehall', 'nigerian hip hop']",47443
6xdP8nDJ7g3DLKsiqqpxnS,[],4
645MRWJlInqgZv3DlIJz7B,[],77
17pN02mO1kZSkaic9K3ipT,['soca'],2143
5ZbHn0BqI2WtNqto3qUpzK,[],25
0sjn33zPThDMZvhx0dBJSH,[],132
329e4yvIujISKGKz1BZZbO,"['latin', 'reggaeton', 'trap latino', 'tropical']",7190793
4q3ewBCX7sLwd24euuV69X,"['latin', 'reggaeton', 'trap latino']",20016755
0QHgL1lAIqAw0HtD7YldmP,"['dance pop', 'dirty south rap', 'hip hop', 'miami hip hop', 'pop', 'pop rap', 'rap', 'southern hip hop', 'trap', 'urban contemporary']",4599523
6l3HvQ5sa6mXTsMTB19rO5,"['conscious hip hop', 'hip hop', 'nc hip hop', 'pop rap', 'rap']",10566536
1RyvyyTE3xzB2ZywiAwp0i,"['atl hip hop', 'pop rap', 'rap', 'southern hip hop', 'trap']",8519374
3pbi8H08p95NUZ7m6ybxUV,['indie r&b'],2887
7c0XG5cIJTrrAgEC3ULPiq,"['hip hop', 'pop', 'pop rap', 'r&b', 'trap', 'trap soul']",3238267
1Nd1g8fezKoJ6DGauWbZIm,"['hip hop', 'rap', 'underground hip hop']",69456
1dqGS5sT6PE2wEvP1gROZC,"['escape room', 'hip hop', 'rap', 'underground hip hop']",819307
4AQPiL37xjPAgBfEEYQrg9,[],2520
2mQLwfvZtvtTbipKn3xHmK,['underground hip hop'],41004
0fYw4bch7qTxBZLS3rSVMj,['underground hip hop'],30451
6qqNVTkY8uBg9cP3Jd7DAH,"['electropop', 'pop']",23248364
5K4W6rqBFWDnAN6FQUkS6x,"['chicago rap', 'rap']",11421293
5XenQ7XfcvQdfIbpLEFaKQ,"['alternative r&b', 'dmv rap', 'hip hop', 'rap', 'underground hip hop']",604675
1DvtabXAjfrMihPP6JQdHs,"['dmv rap', 'drill', 'rap', 'southern hip hop', 'trap', 'vapor trap']",537311
7yO4IdJjCEPz7YgZMe25iS,"['hip hop', 'rap', 'southern hip hop', 'trap', 'vapor trap']",1345311
699OTQXzgjhIYAHMy9RyPD,"['atl hip hop', 'hip hop', 'rap', 'trap']",3294269
0VRj0yCOv2FXJNP47XQnx5,"['atl hip hop', 'hip hop', 'melodic rap', 'pop rap', 'rap', 'trap']",3824429
4O15NlyKLIASxsJ0PrXPfz,"['melodic rap', 'philly rap', 'rap']",8298778
3OqgnoaUHWX4ih4oAL0zzQ,['irish hip hop'],28817
4xRYI6VqpkE3UwrDrAZL8L,"['conscious hip hop', 'dmv rap', 'hip hop', 'pop rap', 'rap']",4526911
2uvY5pgdD9t1CZ5zMNw1rl,"['ambient folk', 'british singer-songwriter', 'chamber pop', 'indie anthem-folk', 'indie folk']",241162
2YOYua8FpudSEiB9s88IgQ,"['minnesota hip hop', 'pop rap']",790867
4nXOZlYoAD67hF9aUEncMY,"['dark trap', 'emo rap', 'miami hip hop', 'underground hip hop', 'vapor trap']",532990
3H6CaRooDAoCeRCpYwOXj2,"['dark trap', 'phonk', 'underground hip hop', 'vapor trap']",72527
4ucIxjoWFS3n9KvguhTWpz,['dark trap'],17747
68kEuyFKyqrdQQLLsmiatm,"['conscious hip hop', 'escape room', 'hip hop', 'rap', 'underground hip hop']",1063639
5f7VJjfbwm532GiveGC0ZK,"['atl hip hop', 'atl trap', 'rap']",3744012
6aaMZ3fcfLv4tEbmY7bjRM,"['hip hop', 'rap', 'underground hip hop']",674203
3qBKjEOanahMxlRojwCzhI,['gqom'],51031
2YZyLoL8N0Wb9xBt1NhZWg,"['conscious hip hop', 'hip hop', 'rap', 'west coast rap']",14292385
6extd4B6hl8VTmnlhpl2bY,"['hip hop', 'melodic rap', 'pop rap', 'rap', 'southern hip hop', 'trap']",625357
0Y5tJX1MQlPlqiwlOH1tJY,['rap'],8457261
0c173mlxpT3dSFRgMO8XPh,"['detroit hip hop', 'hip hop', 'pop rap', 'rap', 'southern hip hop', 'trap']",7197345
0tPjSrb43a58uznKru1k2P,"['hip hop', 'underground hip hop']",183799
2tMOCIpxj6jwM9e6pmwGiP,"['underground hip hop', 'vapor trap']",25599
6nB0iY1cjSY1KyhYyuIIKH,"['afrofuturism', 'art pop', 'dance pop', 'electropop', 'escape room', 'indie r&b', 'trip hop']",647835
6jGMq4yGs7aQzuGsMgVgZR,"['melodic rap', 'nyc rap']",1095027
2hPgGN4uhvXAxiXQBIXOmE,"['hip hop', 'rap']",472334
52lBOxCxbJg0ttXEW9CQpW,"['adult standards', 'jump blues', 'lounge', 'soul', 'swing', 'vocal jazz']",106674
3nFkdlSjzX9mRTtwJOzDYB,"['east coast hip hop', 'hip hop', 'pop rap', 'rap']",5241151
6icQOAFXDZKsumw3YXyusw,"['atl hip hop', 'hip hop', 'melodic rap', 'pop rap', 'rap', 'southern hip hop', 'trap', 'underground hip hop']",6076147
4DdkRBBYG6Yk9Ka8tdJ9BW,"['atl hip hop', 'hip hop', 'pop rap', 'rap', 'southern hip hop', 'trap']",1518194
70gP6Ry4Uo0Yx6uzPIdaiJ,"['hip hop', 'queens hip hop', 'rap', 'sudanese pop', 'underground hip hop']",296237
1iNqsUDUraNWrj00bqssQG,"['hip hop', 'rap']",233269
6U3ybJ9UHNKEdsH7ktGBZ7,"['hip hop', 'rap', 'underground hip hop']",481593
5MbNzCW3qokGyoo9giHA3V,"['atl hip hop', 'hip hop', 'rap', 'underground hip hop']",386856
5yPzzu25VzEk8qrGTLIrE1,"['rap', 'southern hip hop', 'trap', 'underground hip hop', 'vapor trap']",379306
75WcpJKWXBV3o3cfluWapK,"['nc hip hop', 'underground hip hop']",56419
4r63FhuTkUYltbVAg5TQnk,['nc hip hop'],2517254
0NcPKaSNIHAM2RfioH9vMT,"['cali rap', 'trap soul', 'underground hip hop', 'vapor trap']",31302
07V3atNq2TyPNDYmzp6Dyy,"['underground hip hop', 'vapor trap']",38816
0vaKiuLwFJLVU664A8GTjE,[],4897
30C5wgn4celhRP3Tytv7R6,['nc hip hop'],7893
21dooacK2WGBB5amYvKyfM,"['melodic rap', 'meme rap', 'miami hip hop', 'rap', 'trap', 'underground hip hop', 'vapor trap']",1887867
6PDLwWvgYNMfBRLqC1h5cJ,"['alternative r&b', 'cali rap', 'trap soul', 'underground hip hop']",111450
0iEtIxbK0KxaSlF7G42ZOp,"['hip hop', 'pop rap', 'rap', 'southern hip hop', 'trap']",1775339
1URnnhqYAYcrqrcwql10ft,"['atl hip hop', 'rap', 'trap']",7655187
31W5EY0aAly4Qieq6OFu6I,"['melodic rap', 'pop rap', 'rap', 'trap']",4296012
7gZfnEnfiaHzxARJ2LeXrf,"['emo rap', 'rap', 'trap']",4559150
757aE44tKEUQEqRuT6GnEB,['melodic rap'],2066116
2hlmm7s2ICUX0LVIhVFlZQ,"['atl hip hop', 'hip hop', 'melodic rap', 'rap', 'trap']",1924777
4Gso3d4CscCijv0lmajZWs,"['hip hop', 'rap', 'trap']",379984
7bXgB6jMjp9ATFy66eO08Z,"['dance pop', 'pop', 'pop rap', 'r&b', 'rap']",10973410
7rkW85dBwwrJtlHRDkJDAC,"['canadian hip hop', 'hip hop', 'melodic rap', 'pop rap', 'rap', 'southern hip hop', 'toronto rap', 'trap']",1886946
17lzZA2AlOHwCwFALHttmp,"['atl hip hop', 'gangster rap', 'hip hop', 'pop rap', 'rap', 'southern hip hop', 'trap']",5388078
3fMbdgg4jU18AjLCKBhRSm,"['pop', 'r&b', 'soul']",14142606
3Gm5F95VdRxW3mqCn8RPBJ,"['hip hop', 'pop', 'pop rap', 'portland hip hop', 'rap']",1192056
3nf2EaHj8HikLNdaiW3v73,"['alternative hip hop', 'conscious hip hop', 'escape room', 'hip hop', 'rap', 'underground hip hop']",138625
5gCRApTajqwbnHHPbr2Fpi,"['crunk', 'dirty south rap', 'gangster rap', 'hip hop', 'memphis hip hop', 'pop rap', 'rap', 'southern hip hop', 'trap']",2105663
360IAlyVv4PCEVjgyMZrxK,"['dance pop', 'pop', 'pop rap', 'r&b', 'urban contemporary']",2715629
0rlS0SzVFk8BoiAW0fGBbN,['hip hop'],14354
0T5OJgMVjKIX3b3W3ekqOl,"['atl hip hop', 'atl trap', 'dirty south rap', 'gangster rap', 'pop rap', 'rap', 'southern hip hop', 'trap']",317813
1pPmIToKXyGdsCF6LmqLmI,"['atl hip hop', 'hip hop', 'melodic rap', 'pop rap', 'rap', 'southern hip hop', 'trap']",2064020
6m0MLa2Q5RwIF8R7nwQkQ2,"['atl trap', 'vapor trap']",39614
6lay1nwbE6hTx1jivysUAL,"['alternative r&b', 'escape room', 'lgbtq+ hip hop', 'pop', 'trap queen']",276884
738wLrAtLtCtFOLvQBXOXp,"['dance pop', 'edm', 'electro house', 'moombahton', 'pop', 'pop rap', 'tropical house']",5986789
1vyhD5VmyZ7KMfW5gqLgo5,"['latin', 'reggaeton']",18602431
2oQX8QiMXOyuqbcZEFsZfm,"['dembow', 'latin', 'rap dominicano', 'reggaeton', 'reggaeton flow', 'tropical']",848811
5fMUXHkw8R8eOP2RNVYEZX,"['bmore', 'edm', 'moombahton', 'ninja', 'pop', 'tropical house']",2227529
7FNnA9vBm6EKceENgCGRMb,"['baile pop', 'funk carioca', 'funk das antigas']",8977660
4ryoUS0W8qXokfMxrlJt6O,['modern reggae'],89189
0bdfiayQAKewqEvaU6rXCv,"['dance pop', 'danish pop', 'electropop', 'indie pop', 'pop', 'tropical house']",1222545
4WN5naL3ofxrVBgFpguzKo,"['dance pop', 'edm', 'liquid funk', 'pop', 'tropical house', 'uk dance', 'uk funky', 'uk pop']",1158382
1zNqDE7qDGCsyzJwohVaoX,"['dance pop', 'pop', 'post-teen pop', 'tropical house', 'uk pop']",5579166
4TAoP0f9OuWZUesao43xUW,"['afro dancehall', 'afropop', 'ghanaian hip hop', 'swedish dancehall']",215126
0iT2o4MNsBKSLy7bllgdo0,[],1410
6sjpYOCYKYiurpvJk0oNEp,[],1262
5bzWtCkjIAMgN93gLt56SO,"['afrofuturismo brasileiro', 'baile pop', 'bass trap', 'electronic trap', 'funk carioca', 'pop nacional']",182013
1mXAhKnZEdF6rotyyd4GBi,"['funk carioca', 'funk ostentacao']",6884599
4VZY0nxYMSNotbS7WjNVQy,[],3299
374sWpAJsbZckf98df2jJJ,"['afro dancehall', 'afropop', 'azonto', 'dance pop', 'post-teen pop']",91542
0mMqD2uqwvCjFvlzo6ayGi,"['afro house', 'amapiano', 'gqom', 'kwaito house', 'south african pop']",199668
2gzWmhOZhDN6gXL49JW9qj,"['south african hip hop', 'south african pop']",240948
1sSt1DqqqFLkPwfrqafVyn,"['afro dancehall', 'afropop', 'azonto', 'azontobeats', 'nigerian hip hop', 'nigerian pop']",31735
2hKQc001G7ggs3ZyxMdkGq,"['afro dancehall', 'afropop', 'azontobeats', 'dancehall', 'gqom', 'nigerian pop']",83858
4TsHKU8l8Wq7n7OPVikirn,"['alternative r&b', 'ghanaian hip hop']",299558
2LZDXcxJWgsJfKXZv9a5eG,"['downtempo', 'edm', 'electronic trap', 'electropop', 'pop', 'post-teen pop', 'shiver pop']",299468
2jku7tDXc6XoB6MO2hFuqg,"['canadian hip hop', 'melodic rap', 'pop rap', 'rap', 'toronto rap', 'trap']",2822152
4nDoRrQiYLoBzwC5BhVJzF,"['dance pop', 'pop', 'post-teen pop']",15549719
790FomKkXshlbRYZFtlgla,"['latin', 'reggaeton']",9239078
3gk0OYeLFWYupGFRHqLSR7,"['big room', 'deep big room', 'edm', 'electro house', 'euphoric hardstyle', 'hardstyle', 'progressive electro house', 'progressive house']",424530
4VMYDCV2IEDYJArk749S6m,"['latin', 'latin hip hop', 'reggaeton', 'tropical']",17342012
5Z3k52rtOTnOnvFHoKNHEN,['moombahton'],6285
2xjVYIMLS3nR5Y1UOr02Vb,['abstract beats'],3009
1vo8zHmO1KzkuU9Xxh6J7W,"['big room', 'deep big room', 'edm', 'electro house', 'house', 'pop', 'pop edm', 'progressive electro house', 'tropical house']",197384
3tVQdUvClmAT7URs9V3rsp,"['afro dancehall', 'afropop', 'azonto', 'nigerian hip hop', 'nigerian pop']",370466
1LKo6ZA3RNvKtLa6zDu32S,"['basshall', 'dancehall']",88049
3dwESUD2sahwxyFL6SYtEn,[],11222
6tzRZ39aZlNqlUzQlkuhDV,"['baile pop', 'funk carioca', 'pop nacional']",2721917
3yJLZoq3Ra2VmSW5teVgih,['instrumental funk'],6771
4w6zJ69OnZWKZrzMnYZva8,[],160
7hnlHkn51tttd1eeoac9jO,[],1935
1ZijgA5CMnToosMd24krUH,"['latin hip hop', 'perreo', 'reggaeton']",20676
6eUKZXaKkcviH0Ku9w2n3V,"['pop', 'uk pop']",61430985
6vW5qwWVSTErBV1HovumXm,[],9191
6nPHDCN7qmxO86eN1grP54,"['dancehall', 'soca']",33581
2FcAOdmnKyfpUot6B5LHLg,['dancehall'],2743
66CXWjxzNUsdJxJ2JdwvnR,"['dance pop', 'pop', 'post-teen pop']",43919868
134GdR5tUtxJrf8cpsfpyY,"['electropop', 'swedish indie pop']",116488
3NB7oCgOzcdYVtdvNIEDep,[],1260
0hCNtLu0JehylgoiP8L4Gh,"['dance pop', 'hip pop', 'pop', 'pop rap', 'post-teen pop', 'queens hip hop']",17308680
5jW1p6bav4DYihIHewKBCq,"['afropop', 'nigerian pop']",2926
1ixqGowpDM21RwyJmJ7hpv,"['afro dancehall', 'afropop', 'azontobeats', 'nigerian hip hop', 'nigerian pop']",29565
167yXtyZFzoIEl4650nGkt,[],209
6rE3PqKxYT5TAoOWKonHxw,[],90
6M7RdR9ZP52h2mfNLmiHtU,"['bass trap', 'brostep', 'edm', 'electro house', 'electronic trap']",297381
3R7AVeohq63QJyhBO0fKJY,[],1825
3IxKoxYXyYxghMV5SbaLDj,[],31
2wdAe0FjiejLBLU2E74GjD,[],2498
2JX4h8xm0hNxCB0aNBWzyi,"['conscious hip hop', 'dancehall', 'lovers rock', 'reggae fusion']",354550
4wHZkzWXD9GPr4RQAYjUcv,['shimmer pop'],124266
7kHe4uFK1KQFqMRP7td4mS,"['brostep', 'electronic trap']",24855
187qoiisjzqvj3wsBWLotr,['basshall'],7531
7A3tlZNDIzuzFyOQdF0073,[],417
67nwj3Y5sZQLl72VNUHEYE,"['hip hop', 'pop', 'pop rap', 'rap', 'southern hip hop', 'trap', 'urban contemporary']",2502524
6M2wZ9GZgrQXHCFfjv46we,"['dance pop', 'pop', 'post-teen pop', 'uk pop']",15944948
4HJnsUVBubdKJ2aV0sr48u,[],16085
4V8Sr092TqfHkfAA5fXXqG,"['latin', 'latin pop', 'puerto rican pop', 'tropical']",8249362
1rVo9h17cHhWerDiZj0yXH,[],14486
2dQgOfBP52UwjegY8FwJAY,"['dutch hip hop', 'dutch pop', 'moombahton']",74773
1uNFoZAHBGtllmzznpCI3s,"['canadian pop', 'pop', 'post-teen pop']",33848978
58zeLSwvlNwRAUp73BWIEv,['basshall'],1182
7j7bOkG9ZQncpAXyIJ2aUG,"['ccm', 'christian alternative rock', 'christian music', 'worship']",3367
7Lk3qnu0GGnvG33t23iz5k,['bouncy house'],9614
0X2BH1fck6amBIoJhDVmmJ,"['dance pop', 'edm', 'metropopolis', 'pop', 'post-teen pop', 'tropical house', 'uk pop']",7732668
4frHO7KPcfMjhnVdIMJ98c,"['dancehall', 'jawaiian', 'lovers rock', 'modern reggae', 'reggae', 'roots reggae']",162808
6kn7LhH5siatL0X1kefy0r,"['bass trap', 'traprun']",11931
3AXTxnESIwvNxngE8j6weV,[],598
2RdwBSPQiwcmiDo9kixcl8,"['dance pop', 'pop', 'pop rap']",3068261
6Jrxnp0JgqmeUX1veU591p,"['alternative dance', 'art pop', 'electropop', 'escape room', 'indie pop', 'indietronica', 'new rave']",535231
2O1D1ICRT4bez6RZctV7FI,['deep ragga'],520
00sAT5YX8W3xNd1EuqyHw9,"['big room', 'complextro', 'dance pop', 'deep big room', 'edm', 'electro house', 'progressive electro house', 'progressive house']",387230
6eBYLQONaYZhZNAVK061t6,"['hip pop', 'r&b', 'urban contemporary']",71295
5WFPVKybSiU6x8HBTACfpr,"['dancehall', 'soca']",7422
73e7mIMB4TvYKvNuXu2XxR,['escape room'],3192
3NmuArRqqfxT4rvFSgb0cx,"['arab trap', 'bass trap', 'catstep', 'electronic trap', 'moombahton']",25720
54gb5vtFKee4T6gEo2h90r,[],17
4vpGVGgxSDcCTmqYbsOnsn,['art pop'],11174
0IvCPgKjOsaUBzHAgYLoIR,[],2
3bRj518241KTJEkmDDgv57,[],86
56MDhktp7hO6MqKCS9rSXT,"['dancehall', 'old school dancehall', 'reggae fusion', 'riddim']",37517
4c4iX8pe1SV13xToguoelN,['dancehall'],71784
72cbi5bA8U2sMttAnKIaen,[],666
06SIuEAp0Cqena9c2bZfgq,"['dancehall', 'riddim', 'soca']",24153
0iRwqSYn7fG3WkEBYQpcqJ,"['dancehall', 'old school dancehall']",17141
1i374WEVqp1BCoCLmehog9,[],751
0Qsa0LOuxxAyW5onHZOwbk,[],126
37uLId6Z5ZXCx19vuruvv5,"['alternative dance', 'art pop', 'dance-punk', 'electronica', 'electropop', 'indie pop', 'indie rock', 'indie soul', 'indietronica', 'modern rock', 'neo-synthpop', 'new rave']",517384
3fOmBPnaS3UxnAEM6O0O98,[],314
6baWjwY7WiVPCZcW7pqqhz,['swedish soul'],88416
0du5cEVh5yTK9QJze8zA0C,"['pop', 'post-teen pop']",24515636
5LHRHt1k9lMyONurDHEdrp,"['pop rap', 'rap', 'trap']",5523048
2hLBMpnVLdS8kOLFyFlq58,[],2568
5Ayl2bJtN5mdCsxZoxs9n1,"['dancehall', 'jawaiian', 'modern reggae', 'reggae fusion']",275608
0F8GZ29QxpnfOZvM25l7tJ,"['canadian contemporary country', 'canadian folk', 'canadian singer-songwriter', 'outlaw country']",20805
53cQZtWDwDJwVCNZlfJ6Qk,"['big room', 'deep big room', 'disco house', 'dutch edm', 'dutch house', 'edm', 'electro house', 'house', 'pop edm', 'progressive electro house', 'progressive house', 'tropical house']",324399
42qLC3FgtazA9AvaIoiP62,"['hip pop', 'uk garage']",50457
0QJIPDAEDILuo8AIq3pMuU,"['alternative dance', 'art pop', 'dance pop', 'escape room', 'new rave']",885439
75Xjnc3zxQvbC9Fkf8uioa,[],637
7eikTMySZSC4r8GiOTCSMx,['dancehall'],657
6NOvBZrkd83MSD51xkq4on,"['dancehall', 'old school dancehall', 'reggae fusion', 'soca']",201243
6lIG1zTkXBGdfJObLHFdhm,[],652
7aBzpmFXB4WWpPl2F7RjBe,['rap kreyol'],212245
071vBgcrWSy5w3RmhMZpOb,"['dancehall', 'lovers rock', 'modern reggae']",40269
7muzHifhMdnfN1xncRLOqk,"['bass trap', 'brostep', 'dubstep', 'edm', 'electro house', 'electronic trap']",621243
2UinwbZwUznwVCouRiw6dq,[],80
0IdMQtN3BFsxymg9oULunX,[],148
5EvFsr3kj42KNv97ZEnqij,"['dance pop', 'pop rap', 'reggae fusion']",1310326
4nmrm4zpgJ0RC6aZRSUEjF,['electropop'],44431
3niPESDNKjDtTNfWzxZkXv,[],8088
3BZpcX9YPhc2rl2OIkbm1g,[],7
1pmixngtBJleMrGUG5o8DE,"['azonto', 'dancehall', 'panamanian pop', 'reggae fusion', 'soca']",219271
4k1ELeJKT1ISyDv8JivPpB,"['big beat', 'breakbeat', 'hardcore techno', 'rave']",1308548
6T3gZgGAQkMgWLUMr8HVsL,['modern reggae'],2808
6cMBAd7j8KLD9TnjfwQ91E,['bmore'],14938
0KegPM96n0OzNN0wgQJOKb,[],108
2nkAu4P6EVeQpXxiEhPTH6,[],10399
78H9JWwoJyLPkwYylZkmtF,['comedy rap'],6221
03r4iKL2g2442PT9n2UKsx,"['alternative rock', 'east coast hip hop', 'hip hop', 'old school hip hop', 'rap']",1548449
4TEJudQY2pXxVHPE3gD2EU,"['rap', 'southern hip hop', 'trap', 'vapor trap']",1049969
13y7CgLHjMVRMDqxdx0Xdo,"['atl hip hop', 'dirty south rap', 'hip hop', 'pop rap', 'rap', 'southern hip hop', 'trap']",3158892
6oMuImdp5ZcFhWP0ESe6mG,"['atl hip hop', 'hip hop', 'pop rap', 'rap', 'trap']",10212023
3wyVrVrFCkukjdVIdirGVY,"['emo rap', 'miami hip hop', 'rap', 'trap']",6687117
3EXdLajEO02ziZ90P90bSW,"['emo rap', 'underground hip hop', 'vapor trap']",2004872
2ODbg2404zUzTi02qIPEjB,"['cali rap', 'dfw rap', 'rap', 'trap', 'underground hip hop', 'vapor trap']",1869255
46SHBwWsqBkxI7EeeBEQG7,"['florida rap', 'hip hop', 'melodic rap', 'miami hip hop', 'rap', 'southern hip hop', 'trap']",5698479
3Fdm9TFJQCLmC3AWMuGExi,"['meme rap', 'trap', 'underground hip hop', 'vapor trap']",1738711
3yvCFkK57FXH7JIwZQ5CmU,"['canadian hip hop', 'melodic rap', 'toronto rap', 'trap']",98623
4kYSro6naA4h99UJvo89HB,"['pop', 'pop rap', 'rap']",10978729
3gGUMEwIX6XodWsYEvKSal,"['alabama rap', 'rap', 'trap', 'underground hip hop', 'vapor trap']",2088406
5SyGEPymt1G2uto47tVWvZ,"['atl hip hop', 'hip hop', 'melodic rap', 'pop rap', 'rap', 'southern hip hop', 'trap', 'underground hip hop', 'vapor trap']",920057
28ExwzUQsvgJooOI0X1mr3,"['conscious hip hop', 'gangster rap', 'hip hop', 'pop rap', 'rap', 'southern hip hop', 'trap', 'underground hip hop']",792569
53KwLdlmrlCelAZMaLVZqU,"['art pop', 'indie r&b', 'indietronica', 'uk alternative pop']",965640
4XqfpACObRB5AsBcUYjL8X,"['g funk', 'gangster rap', 'west coast rap']",195609
6PXS4YHDkKvl1wkIl4V8DL,"['new jersey rap', 'pop rap', 'rap', 'southern hip hop', 'trap']",3687229
55Aa2cqylxrFIXC767Z865,"['hip hop', 'new orleans rap', 'pop rap', 'rap', 'trap']",8922321
7iZtZyCzp3LItcw1wtPI3D,"['hip hop', 'melodic rap', 'pop rap', 'rap', 'southern hip hop', 'trap']",5715686
0WOxhx4hikIsyF3CRPLC8W,"['chicago rap', 'drill', 'hip hop', 'pop rap', 'rap', 'southern hip hop', 'trap', 'underground hip hop', 'vapor trap']",1852212
6Ha4aES39QiVjR0L2lwuwq,"['dirty south rap', 'gangster rap', 'hip hop', 'memphis hip hop', 'pop rap', 'rap', 'southern hip hop', 'trap']",2816847
20sxb77xiYeusSH8cVdatc,"['hip hop', 'philly rap', 'pop rap', 'rap', 'southern hip hop', 'trap']",4043636
4yLuE0l9rK7fqijTb7BPh9,[],18
1YfEcTuGvBQ8xSD1f53UnK,"['east coast hip hop', 'hardcore hip hop', 'hip hop', 'hip pop', 'pop rap', 'rap']",1413785
1sBkRIssrMs1AbVkOJbc7a,"['dirty south rap', 'gangster rap', 'hip hop', 'pop rap', 'rap', 'southern hip hop', 'trap']",3905404
7hJcb9fa4alzcOq3EaNPoG,"['g funk', 'gangster rap', 'hip hop', 'rap', 'west coast rap']",5664432
2p1fiYHYiXz9qi0JJyxBzN,"['birmingham grime', 'grime', 'instrumental grime', 'rap']",724363
1AhjOkOLkbHUfcHDSErXQs,['pop'],442507
2RDOrhPqAM4jzTRCEb19qX,"['rap', 'trap', 'underground hip hop', 'vapor trap']",823496
2HUwZ0kumzCSlhFcjFZfpp,"['hip hop', 'melodic rap', 'pop rap', 'rap', 'southern hip hop', 'trap', 'vapor trap']",567339
4IVAbR2w4JJNJDDRFP3E83,"['alternative r&b', 'atl hip hop', 'hip hop', 'melodic rap', 'pop', 'pop rap', 'rap', 'trap']",2174461
7FBDXY8U17aasVTH3rgxbS,"['atl hip hop', 'atl trap', 'dirty south rap', 'gangster rap', 'rap', 'southern hip hop', 'trap']",375947
6z1cicLMt9XArxN10q7m8a,"['atl hip hop', 'dirty south rap', 'pop rap', 'rap', 'southern hip hop', 'trap']",632297
5dVdVMgyzM03JGEkjYoHKS,['atl trap'],4065
6i392l38cR3uBPF0DbNs7S,"['hip hop', 'melodic rap', 'pop rap', 'rap', 'southern hip hop', 'trap']",551890
7F1l2kTBvOPGd8sF8nBEtv,['epicore'],42720
1gPhS1zisyXr5dHTYZyiMe,"['baton rouge rap', 'rap', 'southern hip hop', 'trap']",3090064
3tJoFztHeIJkJWMrx0td2f,"['rap', 'southern hip hop', 'trap']",1264583
4sw1fHktKBWUVIoSUGGxrT,[],6166
7pFeBzX627ff0VnN6bxPR4,"['pop rap', 'rap', 'southern hip hop', 'trap', 'viral trap']",2871966
2TwUVWFJs4LD0lOBbJXnNa,"['afro dancehall', 'afropop', 'azontobeats', 'nigerian hip hop', 'nigerian pop']",71369
0Y3agQaa6g2r0YmHPOO9rh,"['afropop', 'ghanaian hip hop', 'nigerian pop']",300460
3Fl1V19tmjt57oBdxXKAjJ,"['cali rap', 'trap']",2142111
4tYSBptyGeVyZsk8JC4JHZ,"['cali rap', 'trap', 'underground hip hop', 'vapor trap']",564369
2gGtD7OGXbNZAY3oCZvZqA,['cali rap'],4779
63GIj2yhFvX1Bzphb9JgVb,['cali rap'],8722
6pb2Dl1FHK081UKW6aUqgF,[],1347
3ppQEG71r7jVpI8RudzycF,['cali rap'],24163
6AgTAQt8XS6jRWi4sX7w49,['chicago rap'],1011156
4hRL2QmahOYxXNmNKtG1AI,"['chicago rap', 'trap', 'underground hip hop', 'vapor trap']",110197
2J6pigOrBmKQgqJUY5UM7r,"['melodic rap', 'underground hip hop', 'vapor trap']",185959
7trxpXo6hVUnoB22sbCkEd,"['underground hip hop', 'vapor trap']",53784
08PvCOlef4xdOr20jFSTPd,[],57803
7jVv8c5Fj3E9VhNjxT4snq,"['country rap', 'lgbtq+ hip hop', 'pop rap']",2843914
6NUVKfz2xAi4mJJkGm6zyz,[],5913
1wgcCQ5e3Pm5TiCxPaJawZ,[],125
6W2kMgRffdGJ0iPRpjMe6O,[],96
6q3p11nP1p80Ey6LrOOSed,['cali rap'],19846
1zQJBLCGM0tdPW9XwgdEll,[],3395
3oHjuEyaFp7MddhOXddXbx,"['deep underground hip hop', 'pop rap', 'underground hip hop']",34761
2BWFGhivszf3CagtAJzvGL,[],1132
5jMtI9ikVknLXq77qWYp01,[],1246
1iJdyDcY98X3GMnUesl7tf,"['meme rap', 'rap', 'trap', 'underground hip hop', 'vapor trap']",910729
1cNDP5yjU5vjeR8qMf4grg,['melodic rap'],3180996
6AUl0ykLLpvTktob97x9hO,"['detroit hip hop', 'detroit trap', 'hip hop', 'pop rap', 'rap', 'southern hip hop', 'trap']",1777689
60rpJ9SgigSd16DOAG7GSa,"['country', 'country road']",154753
6cK3NBO6uP7hh0oyuVELFl,"['cali rap', 'pop', 'pop rap', 'post-teen pop', 'trap queen']",547018
0ErzCpIMyLcjPiwT4elrtZ,['memphis hip hop'],1159081
6Av6GMCOznZIlHuNcBWgf4,"['nyc rap', 'rap', 'southern hip hop', 'trap', 'vapor trap']",474579
37ASGd4rWpHjuVonnYAN6S,[],10583
4MCBfE4596Uoi2O4DtmEMz,"['chicago rap', 'melodic rap']",8688028
1kcQtzwpaYQS0c3aiMCqVW,[],8450
0J180nRtWG3kJXWsK1m3Cz,[],2784
3IQWn6L1It2U2Eq1IvXiZe,[],10452
5YmtXtYdmTZDjJB9kjjzzs,[],806
3IaKn0ExWTMPqa0mscUYw3,"['chicago rap', 'southern hip hop', 'trap']",29315
3hcs9uc56yIGFCSy9leWe7,"['chicago drill', 'chicago rap', 'drill', 'hip hop', 'rap', 'southern hip hop', 'trap']",1448164
0huGjMyP507tBCARyzSkrv,"['dmv rap', 'hip hop', 'rap', 'trap', 'underground hip hop', 'vapor trap']",988843
21WS9wngs9AqFckK7yYJPM,"['melodic rap', 'pop rap', 'rap', 'trap']",2403405
5wogkYPMLsZytM6Y3caaWx,[],833
5lCY3tqdQxbeg5igSlObaT,"['melodic rap', 'trap', 'vapor trap']",248452
27mFvqQj8KpjmdKIqcw1mG,"['social media pop', 'trap']",631902
7nKeLE1toRtW4M279iS26h,[],62844
5AsWcQXw4RJFRWBbwa0ti0,[],10033
7GuUYiGZOzQwq4L6gAfy1T,"['melodic rap', 'rap', 'trap', 'underground hip hop', 'vapor trap']",352391
6iHjyhqvFSzRPe329fW6WD,[],34703
10AY17ALos2o3akPqrPydw,"['underground hip hop', 'vapor trap']",89138
7LTShHcq1KdTrWeLvWoYed,"['battle rap', 'k-hop']",108873
6f4XkbvYlXMH0QgVRzW0sM,"['atl hip hop', 'dirty south rap', 'gangster rap', 'hip hop', 'pop rap', 'rap', 'southern hip hop', 'trap']",1840396
0XIKGBo9PnK1ApI5tZA60d,"['alternative r&b', 'deep pop r&b', 'pop', 'pop rap', 'r&b', 'rap', 'rap latina']",346572
5hdhHgpxyniooUiQVaPxQ0,"['latin', 'latin hip hop', 'reggaeton', 'reggaeton flow', 'tropical']",1045049
1mcTU81TzQhprhouKaTkpq,['latin'],758983
7wlFDEWiM5OoIAt8RSli8b,"['baton rouge rap', 'trap']",4391623
1xr2G8Hlx4QWmT9HaUbmoO,[],3536
31HjiqargV4NAw4GZqUale,"['dirty south rap', 'gangster rap', 'hip hop', 'miami hip hop', 'pop rap', 'rap', 'southern hip hop', 'trap']",1175683
4Ga1P7PMIsmqEZqhYZQgDo,['melodic rap'],2012814
1MXZ0hsGic96dWRDKwAwdr,"['cali rap', 'melodic rap', 'pop rap', 'rap', 'trap']",109445
0A0FS04o6zMoto8OKPsDwY,"['cali rap', 'gangster rap', 'hip hop', 'pop rap', 'rap', 'southern hip hop', 'trap']",2133771
27w1NoOLMX7tJMYqcetPyG,"['chicago rap', 'conscious hip hop', 'deep underground hip hop', 'hip hop', 'pop rap', 'rap', 'southern hip hop', 'trap', 'underground hip hop']",511924
02kJSzxNuaWGqwubyUba0Z,"['hip hop', 'indie pop rap', 'pop rap', 'rap']",4365534
181bsRPaVXVlUKXrxwZfHK,"['houston rap', 'pop', 'pop rap', 'trap queen']",876776
0ceH34CATvfgphxnLRWFkm,"['florida rap', 'vapor trap']",104810
7LvoDJUNGnOrPdGRzVtOJ9,"['hip hop', 'lgbtq+ hip hop', 'nyc rap', 'rap', 'trap']",904059
2OXfoHHWJtxBh1QF1VJsbb,[],379
5UtQf6Eqewo02lVCo3lImQ,"['dirty south rap', 'g funk', 'gangster rap', 'hardcore hip hop', 'hip hop', 'rap', 'southern hip hop', 'west coast rap']",436854
0mZbFsWo9tHccJsYkrIczQ,['vapor trap'],21119
53ixqKNKVTgtSx3m3DGMA2,['atl trap'],12552
0bZ9jANLkwEFVcSnHnwrpb,"['melodic rap', 'trap', 'underground hip hop', 'vapor trap']",145180
7A8S43ryYdbWpJKeHRZRcq,"['rap', 'trap']",167620
2LIk90788K0zvyj2JJVwkJ,"['deep underground hip hop', 'pop rap', 'rap', 'trap', 'underground hip hop']",189651
5Nf5yishRW9Ye174sJISkg,['atl hip hop'],49480
14CHVeJGrR5xgUGQFV5BVM,[],35555
44IvvHRk2XF243QLA2VOa8,"['southern hip hop', 'trap']",208439
0NWbwDZY1VkRqFafuQm6wk,"['atl hip hop', 'hip hop', 'pop rap', 'rap', 'southern hip hop', 'trap', 'underground hip hop']",1007992
6UtYvUtXnmg5EtllDFlWp8,[],35441
3qIFdbarxYx2moJbhM1pLy,[],19126
3XV0lFzNs8BCTwhJTcMiBr,['pop'],5658
0H39MdGGX6dbnnQPt6NQkZ,"['melodic rap', 'pop rap', 'rap', 'trap']",280450
6vWDO969PvNqNYHIOW5v0m,"['dance pop', 'pop', 'post-teen pop', 'r&b']",22346364
5Q81rlcTFh3k6DQJXPdsot,"['channel islands indie', 'vapor soul']",509700
7aFTOGFDEqDtJUCziLVsVC,"['alternative r&b', 'electropop', 'indie r&b', 'indie soul', 'neo soul', 'pop', 'r&b', 'uk contemporary r&b', 'urban contemporary']",360450
5nCi3BB41mBaMH9gfr6Su0,"['baroque pop', 'metropopolis', 'modern rock', 'pop', 'pop rock']",3357177
6ueGR6SWhUJfvEhqkvMsVs,"['afrofuturism', 'alternative r&b', 'art pop', 'atl hip hop', 'dance pop', 'electropop', 'escape room', 'neo soul', 'pop', 'r&b']",852793
7pbDxGE6nQSZVfiFdq9lOL,"['bedroom pop', 'indie r&b', 'pop']",1917419
4gHcu2JoaXJ0mV4aNPCd7N,"['dutch pop', 'indie jazz', 'indie soul']",51714
5JZ7CnR6gTvEMKX4g70Amv,"['pop', 'post-teen pop']",2541010
5BydzSmKBIh8HkWFwx4Rrg,['irish pop'],14710
7CajNmpbOovFoOoasH2HaY,"['dance pop', 'edm', 'electro house', 'house', 'pop', 'progressive house', 'tropical house', 'uk dance']",19774054
3MZsBdqDrRTJihTHQrO6Dq,"['alternative r&b', 'viral pop']",2381573
2kxP07DLgs4xlWz8YHlvfh,"['indie r&b', 'indonesian r&b', 'pop']",382035
0GeeIVcvGA8GSlWsoY1dkG,"['canadian hip hop', 'trap soul']",28540
6qgnBH6iDM91ipVXv28OMu,"['escape room', 'indie soul', 'lgbtq+ hip hop']",634952
3jk39CGeaaSO3FPKNx1RUx,"['alternative r&b', 'escape room', 'indie r&b', 'lgbtq+ hip hop']",296409
3dz0NnIZhtKKeXZxLOxCam,"['big room', 'brostep', 'complextro', 'edm', 'electro house', 'moombahton', 'progressive electro house']",756348
4pb4rqWSoGUgxm63xmJ8xc,"['big room', 'complextro', 'edm', 'electro house', 'electropop', 'filter house']",517885
4qBgvVog0wzW75IQ48mU7v,"['pop', 'pop rap', 'rap']",858304
0cGUm45nv7Z6M6qdXYQGTX,"['pop', 'pop rap', 'post-teen pop', 'r&b', 'rap', 'urban contemporary']",3319155
3kc5AFnL1TQQdNaMdSW2UO,"['dancehall', 'lovers rock', 'old school dancehall', 'reggae fusion', 'roots reggae', 'soca']",96411
07ZhipyrvoyNoJejeyM0PQ,['chinese hip hop'],223776
2iB8eFB6flwQculkUrRssi,"['la pop', 'r&b']",33345
5vSQUyT33qxr1xAX2Tkf3A,"['chillwave', 'escape room', 'experimental hip hop', 'indie r&b', 'indietronica', 'underground hip hop', 'witch house']",138824
2VAnyOxzJuSAj7XIuEOT38,"['electropop', 'house', 'indietronica', 'pop', 'tropical house']",381592
1KpCi9BOfviCVhmpI4G2sY,"['bass house', 'brostep', 'deep groove house', 'edm', 'electro house', 'electronic trap', 'future house', 'house', 'progressive house']",287506
246dkjvS1zLTtiykXe5h60,"['dfw rap', 'melodic rap', 'rap']",23728319
6LuN9FCkKOj5PcnpouEgny,"['alternative r&b', 'pop']",10972158
4GvEc3ANtPPjt1ZJllr5Zl,"['pop', 'post-teen pop']",3023625
5ndkK3dpZLKtBklKjxNQwT,"['atl hip hop', 'dance pop', 'hip hop', 'pop', 'pop rap', 'rap', 'southern hip hop']",1712929
0ojcq9LJQWMawQdFDw3M0L,[],143057
2FwJwEswyIUAljqgjNSHgP,"['dance pop', 'edm', 'electropop', 'indie poptimism', 'pop', 'tropical house']",311022
0NIIxcxNHmOoyBx03SfTCD,"['alternative r&b', 'dance pop', 'deep pop r&b', 'electropop', 'hip pop', 'metropopolis', 'pop', 'pop rap', 'post-teen pop', 'r&b', 'urban contemporary']",1626754
1anyVhU62p31KFi8MEzkbf,"['chicago rap', 'conscious hip hop', 'hip hop', 'pop rap', 'rap']",4734298
108ugtkRFQzP9nGgNiyERO,"['gainesville indie', 'indie psych-pop']",58978
5W10uJRsbt9bROJDKoI1Wn,"['alternative r&b', 'art pop', 'chamber pop', 'escape room', 'indie r&b', 'indie soul', 'la pop']",165487
0qVb1coEo0OVOpP9kphf6U,[],1916
1Bl6wpkWCQ4KVgnASpvzzA,"['boy band', 'hip hop', 'pop', 'rap']",1323491
1k1u0kjSZiPC7myovUsekH,[],1012
0Vw76uk7P8yVtTClWyOhac,['uk pop'],807112
1uiEZYehlNivdK3iQyAbye,['indie soul'],603927
20wkVLutqVOYrc0kxFs7rA,"['canadian contemporary r&b', 'pop']",1832468
1U1el3k54VvEUzo3ybLPlM,"['colombian pop', 'pop']",863909
19FsxZm98evcrjWFFhHnC4,[],220
5pKCCKE2ajJHZ9KAiaK11H,"['barbadian pop', 'dance pop', 'pop', 'post-teen pop', 'r&b', 'urban contemporary']",36847919
7Hjbimq43OgxaBRpFXic4x,"['alternative r&b', 'chicago rap', 'hip hop', 'rap', 'underground hip hop']",320195
3UjPnt2nRmw10N58bBeNOg,"['alternative r&b', 'indie r&b', 'indie soul', 'trap soul']",203760
1FvjvACFvko2Z91IvDljrx,"['chicago rap', 'conscious hip hop', 'drill', 'hip hop', 'rap', 'underground hip hop']",361918
0mzPs2gc6UAbIHwClqH67v,[],158
5cj0lLjcoR7YOSnhnX0Po5,"['la indie', 'pop']",1393988
0vRvGUQVUjytro0xpb26bs,['pop rap'],307758
6OQggpm01CmAB717TKtDCr,"['dutch hip hop', 'dutch urban']",168196
2hBfmHHnM4dS4pJgEJENCg,"['dutch hip hop', 'dutch pop', 'dutch urban']",69779
51MxI9mWmRMPLK9eNlyQ7o,['dutch hip hop'],148747
7kFfY4UjNdNyaeUgLIEbIF,"['deep pop r&b', 'detroit hip hop', 'pop rap', 'rap', 'trap', 'trap queen']",1137975
7uaIm6Pw7xplS8Dy06V6pT,"['alternative r&b', 'melodic rap', 'pop rap']",247458
3FTvzBdLVG3n1Knrza3zpQ,['viral trap'],22012
677zBE8673c80bV0f0p2aF,['viral trap'],7164
3PyJHH2wyfQK3WZrk9rpmP,"['escape room', 'pop']",173743
3IJ21966TwNZI24MwZHMu4,"['escape room', 'trap queen']",27663
3XVpDdKav6C6zwlDXPhMEO,['cali rap'],99486
3elR9fj2COXgTJlJm7NtP7,[],22856
2I9SLklAOG0vdMiUUMNxRl,"['canadian hip hop', 'melodic rap', 'pop rap', 'rap', 'southern hip hop', 'toronto rap', 'trap', 'trap soul', 'underground hip hop', 'vapor trap']",251433
3Elp2e4JVkT08bnUbE1AZw,[],29025
7BCzdg9R0InC8COslhyNrQ,['cali rap'],6556
4BIUYoJ8N6gCCYVKK0nfDN,['cali rap'],2165
5SXuuuRpukkTvsLuUknva1,"['hip hop', 'rap', 'trap', 'underground hip hop', 'vapor trap']",77105
5mYWkDD4b1eM4ZjFq5axxs,"['dancehall', 'reggae fusion', 'riddim', 'soca']",150159
14SHcWyUVw7KKLKcEwTejL,['soca'],4683
52wGOFV1AYyda1VRjsb5wK,"['barbadian pop', 'chutney', 'soca']",3524
7mD8DNhQrjw6SmuWoMTlo8,"['chutney', 'soca', 'trinidadian reggae']",5866
0H1pzsWlSZ7e2lrl3DoWN2,"['soca', 'trinidadian reggae']",96
5yC1kAgDOIOt8FWoPLc4GL,[],438
3HHHYK2eIjmJgA0zIklzzU,['soca'],3830
6Ta6llfRpUAMc9tklJY2oc,[],1303
0WZeeMiGpEfemIyyKOYd2o,[],823
1dghdU4VhWh2b4BMf3scHH,"['chutney', 'soca']",18942
1YxLPEyDduTjPEBWKA2BmF,['soca'],2546
6mMtnxEQkYoY5FfJIQ9Rhb,"['afro dancehall', 'afropop', 'azontobeats', 'nigerian pop']",92422
7rEqtNYXSDePQHdZNiLN6L,[],1998
2Kd1y3FJiNFcJRcdMvHdhT,"['dancehall', 'soca']",5101
7A2TFN73Go9zmu3ymtCWps,['soca'],2464
7mds6P3MvNyCg7l2QFpx6d,"['chutney', 'dancehall', 'soca']",8061
0EW8oVadcmlxZevZFlPm9P,['soca'],2995
4GpVRyxDYccJrbQkO3KWws,"['chutney', 'dancehall', 'riddim', 'soca']",66375
62DmErcU7dqZbJaDqwsqzR,"['dancehall', 'reggae fusion']",393295
4L3GTE04bW5N7azA9QPhjA,"['dancehall', 'reggae fusion', 'soca']",276927
3JoDRslbRb7yUqBktkRbrt,[],234
0eezS9KmhdjGN436RdTIXu,"['dancehall', 'panamanian pop', 'reggae fusion', 'soca']",280093
1agX5xuqpSUDQ55gkdQbZk,[],142
0af5VM6xubf8EXKvoG35x6,"['bongo flava', 'dancehall', 'reggae fusion', 'soca']",152118
6taesTUSevB9eK8bm5Y7b9,"['dancehall', 'riddim', 'soca']",48719
5G8IlDlnPQPN4YmtJ6NDxK,"['dancehall', 'lovers rock', 'old school dancehall', 'reggae fusion', 'riddim', 'soca']",65692
0pkzJ3QKFO7psSnObYpoh0,[],419
3HojWTmKQLc551be6992rL,[],112
60TYV12IFUaDfnUA0S67zb,"['barbadian pop', 'chutney', 'dancehall', 'soca']",20065
4FdhiagLyTmvDqAVUxsQ57,"['barbadian pop', 'chutney', 'soca']",15782
0QL8EzrRciKCQ9LUy1ZbMe,"['barbadian pop', 'soca']",4484
4mwylDt7PKfgkb7NII8NGx,['soca'],1739
3V3y2f7EPUK39l2c8V1Bpx,[],819
1qKzKUnuQsjB83hBZffoq0,"['barbadian pop', 'dancehall', 'soca']",7634
30e4w7lTeWNqIvmAOxAhig,"['chutney', 'soca']",387
7gEgjd9W1P1iAD9FbubrqC,"['afro dancehall', 'afropop', 'azonto', 'azontobeats', 'dancehall', 'nigerian hip hop', 'nigerian pop']",65387
2yK06HIkW6eitM49lypo0O,"['dancehall', 'soca']",2580
4suXYeRdmqURfBOpvTwViF,['soca'],1697
796drU5SHT3AFzGuTFTAdc,[],38
5O5oACQgv32YxKjqazYoMK,['kids dance party'],1405
5UiYnbo5CfmFEgLGCmzqdh,['soca'],1470
3g2IJJ8XWrYChDnJqiojdr,[],92
1xsvAAdzq7hl2470o1ASSf,[],551
5XwdTXM2AN5sMV7Su8dUZA,['soca'],3649
0oKNR4ahj1CPnK2kQmbOfo,"['afro dancehall', 'afropop', 'azontobeats', 'nigerian pop']",68108
5ENdfpGHYMwemMEe0uJG8w,['dancehall'],3548
4ciVltJOzgwz17XF0FItPJ,[],255
06HUwOHnsgjtP7F2CidMlq,[],324
1akUOJhf77cbKJveLHgxpy,"['chutney', 'rock steady', 'soca']",7590
3JXiDFPGUbAqQR6x7O4ls2,['soca'],344
4rOtaKOGHla5WoXOmfYasI,[],1633
1i8SpTcr7yvPOmcqrbnVXY,"['latin', 'puerto rican pop', 'reggaeton', 'trap latino']",22264565
3PqSrKPGZXefu4krgFCZSP,"['dancehall', 'lovers rock', 'modern reggae', 'reggae', 'roots reggae']",93259
01DTVE3KmoPogPZaOvMqO8,"['afro dancehall', 'afropop', 'azonto', 'azontobeats', 'ghanaian hip hop', 'hiplife']",62508
6dXsR7VDJvXnF1LTZlwULx,"['nyc rap', 'trap']",84710
2nTPCD3IukOtNX689ctkES,"['azontobeats', 'ugandan pop']",2046
520qA5VGL9iI0SbmEnTVNg,"['afropop', 'dancehall', 'nigerian pop', 'swedish dancehall', 'uk dancehall']",137946
3CQCQz0XwZooCdtGgwtcR7,"['afro dancehall', 'afropop']",62739
11b21KVATwG7LgLPiD3a1A,['nigerian pop'],3299
7zd8O0lGS5sHftyvnhtWD1,[],338
6h3iqdnfBKV2jRhUJz0oto,['nigerian pop'],1640
56QlZ0AFfkaaHyANLVkg5h,"['calypso', 'trinidadian reggae']",40523
6wH6iStAh4KIaWfuhf0NYM,"['latin alternative', 'world']",968581
42tMhwxkP1ul6pvOkDkVV4,[],65
1xQIR56DxgWYZPUvOLRIua,['dancehall'],11370
3XXMDj1Yn4RJ7REbXK2u32,['modern reggae'],13212
2D0u6nyYzRpoDvJe6sOBXu,[],2092
1gWjcmBsveEYMxOZ0VRi32,['dancehall'],199222
6S0dmVVn4udvppDhZIWxCr,"['dance pop', 'miami hip hop', 'pop', 'post-teen pop', 'urban contemporary']",1690769
5WYAHpwcYoSdCz5nXebrKn,"['dancehall', 'soca']",4334
2gbpt2gQjPgOnuZ54GYc19,['soca'],665
5NicAFYgte9L3jKbAGuKhw,[],6935
0KnjqOM3FNDO3SUSKWRDLj,[],93
2xY7ztTvCsTQGTFc0Bk1oZ,['soca'],14082
3HQIkVkhoARQMb0XlvyUKL,"['dancehall', 'lovers rock', 'modern reggae', 'roots reggae']",83856
4qDGDPGMIJuIvPfUGe0Ngg,['old school dancehall'],44845
4HzKw8XcD0piJmDrrPRCYk,"['alternative r&b', 'pop', 'trap soul']",487155
0fTav4sBLmYOAzKuJw0grL,"['alternative r&b', 'indie r&b', 'indie soul']",237819
2NWuUOptHRTogSZghYspAE,[],2412
6t13QrSLbiVtlvksmoBgfH,[],776
2vVT4qoxWje0gVD2FiWZ4u,"['indie r&b', 'pop', 'popping']",135477
1Xyo4u8uXC1ZmMpatF05PJ,"['canadian contemporary r&b', 'canadian pop', 'pop']",19608734
0YinUQ50QDB7ZxSCLyQ40k,"['cali rap', 'pop rap', 'rap', 'southern hip hop', 'trap']",616267
05oH07COxkXKIMt6mIPRee,"['dance pop', 'hip hop', 'hip pop', 'neo soul', 'new jack swing', 'pop', 'pop rap', 'r&b', 'urban contemporary']",1589617
3bnpcWBcvlfq4hPFJjNPbz,"['canadian hip hop', 'trap soul']",139971
7C3agcqFXnteDagiWhaZdU,[],3758
7DY8ywDjWdmToTbrrhLIWN,['vapor soul'],5474
0tkHE1pQ5ZCgQb8WZ0ba79,"['k-hop', 'korean r&b']",42662
23sYU61n9f1CzYi8NJhAXS,['chicago rap'],47320
49O0SPoCoTiK2Nn2tOaHyU,['chicago indie'],16493
6e64nPdtxyICfh90RJukpg,"['american choir', ""children's choir""]",1501
23EA28263XvtIrXuySX6oI,"['alternative r&b', 'indie r&b']",121235
4UodukR17NIQfNu5uaqm9B,"['afrofuturism', 'alternative r&b', 'escape room', 'indie soul']",119788
4V8LLVI7PbaPR0K2TGSxFF,"['hip hop', 'rap']",4069389
3A5tHz1SfngyOZM2gItYKu,"['alternative hip hop', 'escape room', 'experimental hip hop', 'hip hop', 'rap', 'underground hip hop']",1146555
57vWImR43h4CaDao012Ofp,['rap'],333313
1mSJCvDX0W7Dn7S9C6vmvI,"['electropop', 'indie pop', 'indie poptimism', 'indietronica', 'norwegian pop', 'pop', 'vapor pop', 'vapor soul']",118531
73sIBHcqh3Z3NyqHKZ7FOL,"['atl hip hop', 'hip hop', 'pop rap', 'rap']",6101175
7tYKF4w9nC0nq9CsPZTHyP,"['pop', 'pop rap', 'rap']",3193800
51Blml2LZPmy7TTiAg47vQ,"['irish rock', 'permanent wave', 'rock']",6518697
2cADQgiLMjNhbsfeN52Bf3,"['battle rap', 'pop rap', 'rap', 'southern hip hop', 'trap']",270661
4sglKanXuoU0gqGYP3wiNv,[],2467
2WoVwexZuODvclzULjPQtm,"['alternative r&b', 'indie r&b', 'indie soul']",410369
7v9bFXCdSMA2o3gS4nvp0F,"['baton rouge rap', 'crunk', 'deep southern trap', 'dirty south rap', 'gangster rap', 'houston rap', 'rap', 'southern hip hop', 'trap']",544527
7e1ICztHM2Sc4JNLxeMXYl,"['alternative r&b', 'canadian contemporary r&b', 'deep pop r&b', 'pop', 'r&b', 'trap soul', 'urban contemporary']",709108
77DAFfvm3O9zT5dIoG0eIO,['uk funky'],6630
1lE6SEy8f84Zhjvp7r8yTD,"['hip pop', 'neo soul', 'r&b', 'urban contemporary']",179619
7LnaAXbDVIL75IVPnndf7w,"['dance pop', 'hip hop', 'hip pop', 'neo soul', 'pop rap', 'r&b', 'southern hip hop', 'urban contemporary']",634483
3aQeKQSyrW4qWr35idm0cy,"['dance pop', 'hip hop', 'pop', 'pop rap', 'r&b', 'rap', 'southern hip hop', 'trap', 'urban contemporary']",2541752
0Mz5XE0kb1GBnbLQm2VbcO,"['alternative hip hop', 'conscious hip hop', 'east coast hip hop', 'gangster rap', 'hardcore hip hop', 'hip hop', 'rap', 'southern hip hop']",828143
0LQoZQIV0mIs0y0XQb0Sw2,[],24017
4yBK75WVCQXej1p04GWqxH,"['atl hip hop', 'crunk', 'dirty south rap', 'gangster rap', 'hip hop', 'pop rap', 'rap', 'southern hip hop', 'trap']",1501769
5YBSzuCs7WaFKNr7Bky0Uf,[],13970
3vDUJHQtqT3jFRZ2ECXDTi,"['gangster rap', 'hardcore hip hop', 'hip hop', 'pop rap', 'queens hip hop', 'rap', 'trap']",700814
6Uh8uJyN9g7oFjDK16nJgb,"['gangster rap', 'harlem hip hop', 'hip hop', 'nyc rap', 'pop rap', 'rap', 'trap']",437803
6AMa1VFQ7qCi61tCRtVWXe,"['gangster rap', 'harlem hip hop', 'hip hop', 'pop rap', 'rap', 'trap']",345976
1iqf0x89oxmmAFv9w9hiJM,"['nyc rap', 'pop rap']",4382
2y8Jo9CKhJvtfeKOsYzRdT,"['adult standards', 'mellow gold', 'soft rock']",1945474
3hv9jJF3adDNsBSIQDqcjp,"['dance pop', 'pop', 'post-teen pop']",782402
68DWke2VjdDmA75aJX5C57,"['alabama rap', 'hip hop', 'pop rap', 'rap', 'southern hip hop']",1303261
7aA592KWirLsnfb5ulGWvU,"['alternative hip hop', 'detroit hip hop', 'escape room', 'hip hop', 'rap', 'underground hip hop']",509223
7BMccF0hQFBpP6417k1OtQ,"['alternative hip hop', 'east coast hip hop', 'escape room', 'hip hop', 'nyc rap', 'queens hip hop', 'rap', 'southern hip hop', 'underground hip hop']",533904
0CKa42Jqrc9fSFbDjePaXP,"['alternative hip hop', 'conscious hip hop', 'dirty south rap', 'gangster rap', 'hip hop', 'pop rap', 'rap', 'southern hip hop', 'trap', 'underground hip hop']",579294
2lbUjuMzHkT4qIECvk2f3L,"['chinese hip hop', 'chinese idol pop']",514091
25fqWEebq6PoiGQIHIrdtv,"['bass trap', 'electronic trap', 'vapor twitch']",155357
07EcmJpfAday8xGkslfanE,"['hip hop', 'lgbtq+ hip hop', 'rap']",410857
5cIc3SBFuBLVxJz58W2tU9,"['electropop', 'indie pop', 'indie poptimism', 'indietronica', 'modern rock', 'pop']",882671
2EMAnMvWE2eb56ToJVfCWs,"['pop', 'pop rap', 'rap', 'trap']",3993259
6Q4MFlysvdbBeEhoKgAUbY,['atl trap'],7061
677VSOOK5C4dwybh9btFxB,[],11
45m1IiS45uD1HcPlYkNWKj,"['baltimore hip hop', 'drill', 'underground hip hop', 'vapor trap']",123351
1nSpOxq3pcgomrfpXudQuq,['underground hip hop'],99895
15iVAtD3s3FsQR4w1v6M0P,"['chicago drill', 'chicago rap', 'drill', 'hip hop', 'pop rap', 'rap', 'southern hip hop', 'trap', 'underground hip hop', 'vapor trap']",1990556
5pnbUBPifNnlusY8kTBivi,"['battle rap', 'east coast hip hop', 'gangster rap', 'hardcore hip hop', 'hip hop', 'hip pop', 'pop rap', 'rap', 'trap']",599919
0SY9EobiFWDqxhC2h1RNNg,['pop rap'],2104
31lnFZEM6ysvjOx59VyxRE,"['grime', 'uk drill', 'uk hip hop']",324184
2TD63ASEB2JcYY3C4KWJjz,"['dmv rap', 'underground hip hop', 'vapor trap']",35613
1bPxKZtCdjB1aj1csBJpdS,"['chicago drill', 'chicago rap', 'drill', 'trap']",201759
1zV9UjTUevjp5VUddqIUUn,['indie r&b'],20091
01QTIT5P1pFP3QnnFSdsJf,"['chicago rap', 'conscious hip hop', 'gangster rap', 'hip hop', 'pop rap', 'rap', 'southern hip hop']",1345183
5G1ozOoTwFiVTKjYMj1HAJ,[],9028
6MDssQ4ZaMqsMTkF9EZFiG,[],659
7N3L5HZxQqxWSfhrrTNI29,"['alternative r&b', 'indie r&b', 'neo r&b', 'neo soul']",56909
4exLIFE8sISLr28sqG1qNX,['rap rock'],219382
3mLdH6xxrscTf2poCN9Kzy,[],4045
2V0DROfM2ieFSOcA3SHJLD,[],862
4DROs1Ye9DiLY3X8L7xvl8,[],265
2iojnBLj0qIMiKPvVhLnsH,"['dance pop', 'pop', 'r&b', 'trap', 'urban contemporary']",4921356
7EEiVZvj6RCEtVX2F2pyxu,['trap'],82380
6ywXRaHY7m2DJ0dd7CsLAB,"['london rap', 'swedish gangsta rap', 'uk hip hop']",232884
0fA0VVWsXO9YnASrzqfmYu,"['hip hop', 'pop rap', 'rap']",3587008
4JMdvZoXArDVuMNNelKmjo,[],56918
3jaknADFL7EOn3lSRneM7v,['la pop'],3995
5CVsjwjuzUOrlEc2OJbUg4,"['bass trap', 'pop edm', 'vapor twitch']",39331
0xOeVMOz2fVg5BJY3N6akT,"['hip hop', 'rap']",1058645
1CoZyIx7UvdxT5c8UkMzHd,"['pop', 'uk contemporary r&b']",1362477
2R21vXR83lH98kGeO99Y66,"['latin', 'reggaeton flow', 'trap latino']",11255689
5lwmRuXgjX8xIwlnauTZIP,"['bachata', 'latin', 'tropical']",10364351
5H1nN1SzW0qNeUEZvuXjAj,"['latin', 'latin pop', 'reggaeton', 'tropical']",2192462
47MpMsUfWtgyIIBEFOr4FE,"['latin', 'reggaeton', 'reggaeton flow']",1919634
1Ts9of7VPZElwPQnqnDSfW,"['reggaeton', 'reggaeton flow']",129339
00XhexlJEXQstHimpZN910,"['latin', 'reggaeton', 'reggaeton flow', 'trap latino', 'tropical']",2290278
2DspEsT7UXGKd2VaaedgG4,"['latin', 'reggaeton', 'reggaeton flow', 'trap latino']",1234749
4EMtGVFvfCSrEmWaGV0roE,"['alternative hip hop', 'indie r&b']",112440
1tUALn7PEhW7LpMuxvat2x,['underground hip hop'],35165
4STHEaNw4mPZ2tzheohgXB,"['album rock', 'art rock', 'classic rock', 'folk rock', 'mellow gold', 'rock', 'soft rock']",2849242
3ScY9CQxNLQei8Umvpx5g6,"['bronx hip hop', 'east coast hip hop', 'gangster rap', 'hardcore hip hop', 'hip hop', 'hip pop', 'pop rap', 'rap', 'trap']",772178
39mHYiNmLR7p8PXNG8Wll6,"['bronx hip hop', 'hip pop', 'r&b', 'trap queen']",441299
4R529xQ7WQfRpSEXaHFbRg,[],608
7hgRzsQGjlm1zifNoigyB9,[],14808
3FUY2gzHeIiaesXtOAdB7A,"['dance pop', 'neo mellow', 'pop', 'pop rock', 'post-teen pop']",3201485
7k73EtZwoPs516ZxE72KsO,"['j-pop', 'j-rock', 'japanese emo', 'visual kei']",2829024
26VFTg2z8YR0cCuwLzESi2,"['dance pop', 'electropop', 'etherpop', 'indie poptimism', 'pop', 'post-teen pop']",10032303
5M0lbkGluOPXLeFjApw8r8,"['pop rap', 'rap', 'trap']",764388
756t7CBmWLNYsshVtS6P44,"['alternative r&b', 'deep pop r&b', 'indie r&b', 'trap soul']",46978
48ehq0jR23nak2ZDDU6uff,[],2348
5X4LWwbUFNzPkEas04uU82,"['big room', 'canadian electronic', 'dance pop', 'deep big room', 'edm', 'electro house', 'tropical house']",905390
05LTJdcIWfHyQXC1za07k8,['trap soul'],11730
2ei3ToTz5SL3pVp17X0Vkd,[],5936
4HgF4KnohByNElYid7iCNb,"['dance pop', 'deep pop r&b', 'hip pop', 'new jack swing', 'pop rap', 'r&b', 'urban contemporary']",537717
2zJoKYyLmhvsq3ORbXE7xF,['new orleans rap'],11946
7d3WFRME3vBY2cgoP38RDo,"['melodic rap', 'pop rap', 'rap', 'trap']",3872576
7meyrw7Or5DwteYxDJrkCM,"['deep pop r&b', 'melodic rap', 'pop rap', 'trap']",680246
2FmzVitXZjIkFolH8HXd4j,"['bass trap', 'brostep', 'edm', 'electro house', 'electronic trap', 'mashup']",261319
4XvaV0jFnwEthusiVdEBHK,[],736
7sfl4Xt5KmfyDs2T3SVSMK,"['atl hip hop', 'crunk', 'dance pop', 'dirty south rap', 'pop rap', 'southern hip hop']",955158
4R0EwsTKt1LIFcdezmuezM,"['bass trap', 'electronic trap']",57279
6c1pBXHYjFcGQQNO5MMsdd,"['bass trap', 'edm', 'electronic trap', 'livetronica', 'vapor twitch']",172920
76M2Ekj8bG8W7X2nbx2CpF,"['bass trap', 'brostep', 'edm', 'electro house', 'electronic trap', 'vapor twitch']",362403
43tAs3kRWvyu1B7eZOv2pp,"['bass trap', 'brostep', 'edm', 'electro house', 'electronic trap', 'zapstep']",77585
0tvpihdAsKiNnP6sWS3jUI,"['bass trap', 'edm', 'electronic trap']",245070
0ycHhPwPvoaO4VGzmMnXGq,"['bass trap', 'brostep', 'edm', 'electro house', 'electronic trap', 'filthstep', 'glitch', 'zapstep']",679395
4m1yRHUMhvB8gKAJTjK4kO,"['bass trap', 'brostep', 'edm', 'electro house', 'electronic trap', 'vapor twitch']",161165
2FJC1Wce3SiCCbIoYwVWq0,"['brostep', 'electro house', 'zapstep']",40399
5FKchcZpQOkqFvXBj1aCvb,"['brostep', 'canadian electronic', 'edm', 'electro house', 'electronic trap']",506584
37PZXblQTqpEWGdjctNcGP,"['brostep', 'complextro', 'edm', 'electro house', 'electronic trap', 'zapstep']",44734
3QryVD03gGZOLQQXjy3EoA,"['brostep', 'dark trap', 'edm', 'electro house', 'electronic trap', 'filthstep', 'underground hip hop']",251019
2Sa4c9qKaI7ILJs8D6gUCh,"['brostep', 'edm', 'electro house', 'electronic trap']",118889
26Pe1UkFeUi8pqFaTS1JCq,"['bass trap', 'electronic trap']",27845
72iCiKwu6nu6Qq9emIwzYv,"['brostep', 'edm', 'electro house', 'electronic trap']",122007
0qPGd8tOMHlFZt8EA1uLFY,"['brostep', 'catstep', 'electro house', 'zapstep']",28758
15GGbJKqC6w0VYyAJtjej6,['nyc rap'],27587
2yT7X3Gg2S51DHz67FAYL6,"['brostep', 'canadian electronic', 'edm', 'electro house', 'electronic trap', 'zapstep']",110181
7csjnVvI7V4mm9e7fvqRdC,"['brostep', 'zapstep']",13634
1HQGhla3VNj1dBmKTtVT2t,"['brostep', 'edm', 'electro house', 'electronic trap', 'vapor twitch']",209730
5lCekoJW9jNq01B1wiqdAb,"['brostep', 'catstep', 'edm', 'electro house', 'electronic trap', 'pop edm', 'zapstep']",42669
2DuJi13MWHjRHrqRUwk8vH,"['australian dance', 'big room', 'brostep', 'complextro', 'edm', 'electro house', 'moombahton']",801657
5jm3x1qIibWdKSEMw2G011,"['bass house', 'brostep', 'deep groove house', 'dutch edm', 'edm', 'electro house', 'electronic trap', 'house']",72738
04NseFrg9L1BHlCQa8tiBl,[],1330
0PDXIBsT4ZOJyqrF1MYnxh,[],129
5c3UeGnWBigogTnO7pge0V,[],2
2Zxy5LwBatI5kw4uponwHQ,"['brostep', 'edm', 'electro house', 'electronic trap', 'zapstep']",58600
7MHhTZbxn2XRwXK4s2BFO6,[],4604
5R3Hr2cnCCjt220Jmt2xLf,"['big room', 'brostep', 'dance pop', 'edm', 'electro house', 'electronic trap', 'electropop', 'house', 'moombahton', 'pop', 'tropical house']",972730
6DnQYUjtYusK9QJts9HqSC,['bass house'],16735
0lqxqV3IhQXO5czq1d0ZfJ,"['bass trap', 'brostep', 'electro house', 'electronic trap']",27836
1WGex9YdmT4TZjmmMirZA8,"['bass trap', 'brostep', 'catstep', 'electro house', 'electronic trap']",19660
2PgOtERwe37cW1U9z7zAHb,[],11402
0LIl9fjMPEZp8UDiL8Yuo4,"['bass trap', 'brostep', 'edm', 'electro house', 'electronic trap']",61339
7oNtf1MwhHcyXRsYXE1WsG,"['electro house', 'electronic trap']",27005
2xSkGZBEbUVJ8z1E0d0pzB,['riddim'],824
5c3akKV3CUqAVOnGZqf4S3,"['bass trap', 'brostep', 'edm', 'electro house', 'electronic trap', 'zapstep']",119518
2aY6BempYyL4jB9MJNQT9P,['zapstep'],7321
41rVuRHYAiH7ltBTHVR9We,"['bass trap', 'brostep', 'edm', 'electro house', 'electronic trap', 'pop edm']",570653
3qnMl4DHT4gndzFAcG4FlM,"['brostep', 'complextro', 'edm', 'electro house', 'electronic trap', 'fidget house']",350427
5H8evVaTzET5fbdSnOJDax,['zapstep'],5108
4b2v3PBjJJCF2BX14lIAsT,"['bass trap', 'brostep', 'deep big room', 'edm', 'electro house', 'electronic trap', 'moombahton']",71832
06VibSJEr3GLxLBBZhRums,"['brostep', 'catstep', 'deathstep', 'edm', 'electro house', 'electronic trap', 'zapstep']",65528
4AgEF49juDBIfJUoPCPncc,"['brostep', 'filthstep', 'zapstep']",32823
6i1nxY8TkMEEI1saLfn1lL,[],2484
1NpKmfDYMhw1KJIIUCsX4O,['electra'],49315
1HxJeLhIuegM3KgvPn8sTa,"['edm', 'electro house']",1011750
4zxvC7CRGvggq9EWXOpwAo,"['electropop', 'pop edm']",253511
48q2mPVwlKnlSaCx07i6Ta,"['bass trap', 'breakbeat', 'brostep', 'canadian electronic', 'edm', 'electro house', 'electronic trap', 'filthstep', 'zapstep']",297375
19EW4WBhl0fvZUQgi7wV5M,"['bass trap', 'brostep', 'edm', 'electro house', 'electronic trap', 'vapor twitch']",41482
4DTbdShHu2RPYEEMUp2XWV,['canadian pop'],16768
7CCjtD0hCK005Bvg2WG1a7,"['edm', 'pop rap', 'rap', 'southern hip hop', 'trap', 'underground hip hop']",267424
6DvUC7ymmpFoJ5BHuCoSpW,[],1897
3yWCAtesP5BFtJnBbgfv8b,[],9529
31DUXycJt0YIBoMXLI5UdV,"['brostep', 'deathstep', 'electro house', 'electronic trap', 'filthstep', 'zapstep']",48062
1Uyqa2sdHm1bL5JK4IC4zc,"['brostep', 'edm', 'electro house', 'electronic trap', 'zapstep']",39098
7rnzdGq1qPizursGNI1P0V,[],3393
6hBrJJrcYoNhvLC6KaFR4b,"['brostep', 'edm', 'electro house', 'electronic trap', 'filthstep', 'zapstep']",47347
3fFMSweDNwFGyHcxjN7MWp,"['brostep', 'zapstep']",32061
043Bey7ngSGRFpJftAlKpi,"['brostep', 'edm', 'electro house', 'filthstep', 'zapstep']",121889
3nGB5CMH3IJzDBHjpGlvk6,[],565
5Ad8YPmqQf2tay2SZ8NxWY,[],2881
4uRYpUQZrNrY5t8tAv3XrD,"['brostep', 'drum and bass', 'edm', 'electro house', 'melodic dubstep']",745674
0lLY20XpZ9yDobkbHI7u1y,"['bass trap', 'brostep', 'catstep', 'complextro', 'danish electronic', 'edm', 'electro house', 'gaming edm', 'glitch']",305911
0Cd6nHYwecCNM1sVEXKlYr,"['big room', 'brostep', 'catstep', 'dance pop', 'edm', 'electra', 'electro house']",801192
5nd7jnne7zbsV2J5jBKNOY,"['bouncy house', 'brostep', 'catstep', 'electro house', 'electronic trap', 'happy hardcore', 'hardcore techno']",37228
50Tk4RFfEkn5pry4cDK2Id,"['deep house', 'disco house', 'vocal house']",3069
736HGQRGr9rjG4VmmSpkz8,['dutch pop'],33476
79Np0PnytUJmeG5VRhop9u,[],3403
4FXGRMSHh2JjHxVwS8dhH1,"['brostep', 'catstep', 'complextro', 'edm', 'electro house', 'electronic trap', 'filthstep', 'gaming edm', 'zapstep']",229126
4wO0kHiOwf8l9VMJJN9HmG,"['alternative r&b', 'electropop', 'indie cafe pop', 'indie electropop', 'indie poptimism', 'indie r&b', 'indietronica', 'la pop', 'pop', 'vapor soul']",69422
55BFQS36sJYz2B0ClypIvS,"['australian hip hop', 'bass trap', 'electronic trap', 'vapor twitch']",52215
64KEffDW9EtZ1y2vBYgq8T,"['brostep', 'pop', 'progressive electro house']",22478896
0rQ0WMIrOt6MzfiGaNWh3D,"['bass trap', 'brostep', 'electro house', 'electronic trap']",56343
52WRqPvNH56oIYVuXHPepz,['electronic trap'],8095
0EeQBlQJFiAfJeVN2vT9s0,"['conscious hip hop', 'gangster rap', 'hip hop', 'pop rap', 'rap', 'southern hip hop', 'trap']",1392161
7u160I5qtBYZTQMLEIJmyz,"['bass trap', 'brostep', 'dubstep', 'edm', 'electro house', 'electronic trap']",515744
1x0ScxgiyFRQDKT4VwcLHa,['edm'],43598
2kDv96OSt2CHxn9zx3pBwx,"['bass trap', 'brostep', 'electro house', 'electronic trap', 'minimal dubstep', 'zapstep']",34339
25oLRSUjJk4YHNUsQXk7Ut,"['edm', 'electropop', 'jamtronica', 'jazztronica', 'livetronica']",279170
7dc6hUwyuIhrZdh80eaCEE,"['big room', 'dance pop', 'deep big room', 'deep house', 'disco house', 'dutch house', 'edm', 'electro house', 'house', 'progressive electro house', 'progressive house', 'tech house', 'tropical house']",284668
0d1nFNO90pwRmCeeqjOx2Q,"['dutch indie', 'dutch pop', 'dutch rock']",60412
7yPPzu5UdAK7yagQqjEZQm,"['bass trap', 'brostep', 'edm', 'electro house', 'electronic trap']",130127
3m0nlOTs9bT1TgM5UyPKXY,['zapstep'],6259
6d9SnuHI2bRer7c76d8sLq,"['bass trap', 'brostep', 'edm', 'electro house', 'electronic trap', 'moombahton']",145699
11gWrKZMBsGQWmobv3oNfW,"['aussietronica', 'brostep', 'edm', 'electra', 'electro house', 'electronic trap', 'escape room', 'indietronica']",358768
1EAFXic0Cfiwpe7nSuTrGL,"['bass trap', 'brostep', 'deep big room', 'electro house', 'electronic trap']",56138
4zYX8Aa744hQ5O2hpAYQI3,"['bass trap', 'deep big room', 'dutch edm', 'electro house', 'electronic trap']",35539
0vqrIH6O2kBhSBGz7pwRC9,['vocal trance'],6654
7GvVTb8yFV0ZrdI30Qce6T,"['brostep', 'drum and bass', 'edm', 'electro house', 'liquid funk']",97911
7lFbga7DROfkuO5gmC8Z6h,[],3301
6YU46EAAs1wUPfSPVXu5ZA,[],363
69GGBxA162lTqCwzJG5jLp,"['electropop', 'pop', 'tropical house']",15763756
3BojQr5ihZly0IUXsLPN3w,[],1776
6POMCYQE1sq1BJ8FnAvTA8,"['melodic rap', 'trap soul', 'underground hip hop', 'vapor trap']",27316
62vbsDRAq0qHdezaCOzB0T,"['edm', 'electronic trap', 'electropop', 'vapor soul', 'vapor twitch']",70035
5ic5UHDgniVG1xKLAIU9sG,['vapor twitch'],8693
5WVfrnCWJYHvQEUIc1ViWy,['bass house'],2420
4Ok1Cm5YX5StCQZgH0r2xF,"['brostep', 'edm', 'electro house', 'electronic trap']",45648
5K9Sbbj5BxAnaqHLiuZUeW,[],183
7qG3b048QCHVRO5Pv1T5lw,"['dance pop', 'latin', 'latin pop', 'mexican pop', 'pop', 'tropical']",9217051
5luyt0SUvGkDMY4ILP6Qhl,"['cubaton', 'latin']",30494
21451j1KhjAiaYKflxBjr1,"['latin', 'latin hip hop', 'reggaeton', 'reggaeton flow', 'tropical']",4275015
4RSyJzf7ef6Iu2rnLdabNq,['francoton'],129812
3E6xrwgnVfYCrCs0ePERDz,"['latin', 'latin hip hop', 'reggaeton', 'reggaeton flow', 'tropical']",5401745
4vhNDa5ycK0ST968ek7kRr,"['champeta', 'colombian pop', 'latin', 'latin pop', 'tropical', 'vallenato']",3715680
0EmeFodog0BfCgMzAIvKQp,"['colombian pop', 'dance pop', 'latin', 'latin pop', 'pop']",18509067
52aHqEQZ802daFzuMHfcES,"['latin', 'tropical']",6129
1wZtkThiXbVNtj6hee6dz9,"['electro latino', 'latin', 'latin hip hop', 'reggaeton', 'tropical']",3477320
7npqy7rgdX2D3yfVyWExKo,"['latin', 'latin hip hop', 'reggaeton', 'tropical']",555096
26YAHs5On4KQDNsU2cYFdL,"['latin', 'latin hip hop', 'reggaeton', 'reggaeton flow', 'tropical']",274117
1UjxAZqzphB1tsMb1aWBj0,['rap dominicano'],122951
1SupJlEpv7RS2tPNRaHViT,"['latin', 'latin hip hop', 'reggaeton', 'tropical']",11295288
4L5SLCIDWPPNGzrLraYCOS,"['bachata', 'cubaton', 'latin', 'tropical']",105286
3MHaV05u0io8fQbZ2XPtlC,"['bachata', 'latin', 'latin hip hop', 'latin pop', 'reggaeton', 'tropical']",5390726
1r4hJ1h58CWwUQe3MxPuau,"['latin', 'reggaeton']",19121543
0TnOYISbd1XYRBk9myaseg,"['dance pop', 'latin', 'miami hip hop', 'pop', 'pop rap']",7640479
7iJrDbKM5fEkGdm5kpjFzS,"['dembow', 'dominican pop', 'rap dominicano']",30508
37G8DfNgO4mQ3PKh5droSo,['cubaton'],101631
1ackd5XprZEkH3McKbQD51,"['dance pop', 'electro latino', 'latin', 'latin pop', 'reggaeton', 'spanish pop', 'tropical']",1422695
2jSGzJw0ebJLu7OLVSOcBP,"['latin', 'perreo', 'reggaeton', 'tropical']",1058736
5NS0854TqZQVoRmJKSWtFZ,"['electro latino', 'latin', 'latin hip hop', 'latin pop', 'pop reggaeton', 'tropical']",1726185
5rM8dB5rqWAN4WhQpOHcEy,[],12116
6IE6z7DcZIT4Ml3Fh5Ivch,"['latin pop', 'mexican pop', 'tejano']",1107713
3PAwspMN27PDm81WwXDsMf,"['latin', 'latin hip hop', 'latin pop', 'perreo', 'pop reggaeton', 'reggaeton', 'reggaeton flow', 'trap latino', 'tropical']",1783191
5aqHTEerXbc0FM3bsdFAQl,[],470
1fux65HMCBvfJHqlBc4Nno,"['latin', 'reggaeton', 'reggaeton flow', 'tropical']",710160
1TtXnWcUs0FCkaZDPGYHdf,"['latin', 'latin hip hop', 'reggaeton', 'reggaeton flow', 'trap latino']",1077671
7qYeIN2r4H1kBvr0Gm9Iav,"['latin', 'latin hip hop', 'reggaeton', 'reggaeton flow', 'tropical']",54919
3MZpb7Owf8kVwJS6B7iiXB,['panamanian pop'],21326
0gMAKyA5gWUJiVU5S082KT,['panamanian pop'],29174
21BltfLd7xjDUkHEwNceWf,[],144
6UBb8ZUUyarsyod6snflAR,"['latin', 'latin hip hop', 'perreo', 'reggaeton', 'reggaeton flow', 'tropical']",111632
6w9ToX5slZ4uIdmD17hJ3c,"['latin', 'reggaeton', 'reggaeton flow', 'trap latino', 'tropical']",3457961
3RtNN1VnooWEn3KQk03DUL,"['latin', 'latin hip hop', 'reggaeton', 'reggaeton flow', 'trap latino', 'tropical']",3217569
5bWUlnPx9OYKsLiUJrhCA1,"['reggaeton flow', 'trap latino']",1988917
1pf0MPKfKdvS8J779mS1Ay,"['latin', 'reggaeton', 'reggaeton flow', 'trap latino']",957342
0eecdvMrqBftK0M1VKhaF4,"['boy band', 'latin', 'latin pop', 'reggaeton', 'tropical']",6398796
0z4gvV4rjIZ9wHck67ucSV,"['dance pop', 'pop']",2244838
3ADyFy1orEwODaiHmRRMQp,['basshall'],12834
3aAX2y0amckZ7WcWoz2f2o,['dutch hip hop'],2759
5erZiBCKPxe9FaTiXHO00m,"['dutch hip hop', 'dutch urban']",50982
0pkwrPVI8UyXtPkavyJoZ4,['trap soul'],118588
0tmwSHipWxN12fsoLcFU3B,"['colombian pop', 'latin', 'latin pop', 'reggaeton', 'tropical']",5334171
3uZFBSsMiooimnprFL9jD1,['reggae fusion'],36823
12PSlydMSjEHzSCj9X5qv7,"['chicano rap', 'dance pop', 'dirty south rap', 'gangster rap', 'hip hop', 'hip pop', 'latin hip hop', 'pop rap', 'r&b', 'rap', 'southern hip hop', 'urban contemporary']",504818
3sMYEBy0CZFxedcnm9i9hf,"['dance pop', 'pop rap', 'r&b', 'urban contemporary']",332420
1z7b1Pr1rSlvWRzsW3HOrS,"['hawaiian hip hop', 'pop', 'rap']",3234274
2cFrymmkijnjDg9SS92EPM,"['pop', 'pop rap']",2962745
3Nb8N20WChM0swo5qWTvm8,"['edmonton indie', 'vapor twitch']",59552
0id62QV2SZZfvBn9xpmuCl,['r&b'],573414
20s0P9QLxGqKuCsGwFsp7w,"['dance pop', 'deep pop r&b', 'hip pop', 'pop', 'post-teen pop', 'r&b', 'rap', 'urban contemporary']",1769657
6gbGGM0E8Q1hE511psqxL0,"['pop rap', 'r&b', 'urban contemporary']",710412
0qqlNAUIYOzK2O0N84RwWO,"['deep pop r&b', 'urban contemporary']",92424
30DhU7BDmF4PH0JVhu8ZRg,"['alternative r&b', 'indie r&b', 'pop']",797570
4N5iE70O6AKNuFjnABYc4x,[],4716
5YZ5AExR68U3ZblH6HcO6B,"['alternative r&b', 'indie r&b', 'indie soul']",74709
6VD4UEUPvtsemqD3mmTqCR,"['big room', 'dance pop', 'disco house', 'edm', 'electro house', 'melbourne bounce', 'melbourne bounce international', 'pop', 'progressive electro house', 'tropical house']",1024332
1hKEBSwDGhKmshGFWiWm7S,['candy pop'],10362
4vZBqD3QXrKiE3mZ6zHr22,"['alternative r&b', 'bedroom soul']",16484
5JYReWgOGu4JKm5pqmACqG,['indie electropop'],17999
23zg3TcAtWQy7J6upgbUnj,"['atl hip hop', 'dance pop', 'pop', 'r&b', 'urban contemporary']",7552907
3DiDSECUqqY1AuBP8qtaIa,"['hip pop', 'neo soul', 'pop', 'r&b', 'urban contemporary']",7354526
2mxe0TnaNL039ysAj51xPQ,[],2051370
7G6hXrjGpi6I7waNl4wxAk,"['bassline', 'dance pop', 'deep pop r&b', 'hip pop', 'new jack swing', 'pop rap', 'r&b', 'urban contemporary']",946699
23LbwefIODbyGdRbAz3urj,"['atl hip hop', 'crunk', 'dirty south rap', 'gangster rap', 'pop rap', 'rap', 'southern hip hop', 'trap']",423500
21E3waRsmPlU7jZsS13rcj,"['dance pop', 'pop', 'pop rap', 'r&b', 'urban contemporary']",5159934
6hfwwpXqZPRC9CsKI7qtv1,"['alternative r&b', 'electropop', 'etherpop', 'pop']",630032
1AUZYkS7eLmZUnBjQyJmwf,['lo-fi beats'],141521
240wlM8vDrf6S4zCyzGj2W,"['deep groove house', 'deep tech house', 'disco house', 'edm', 'house', 'progressive house', 'tropical house', 'uk dance']",173124
2vf4pRsEY6LpL5tKmqWb64,"['house', 'indie soul', 'new french touch', 'tropical house', 'vapor soul']",107114
3GQboECxDT1xqPPWC30p7v,"['alternative r&b', 'electropop', 'indie r&b', 'indie soul', 'soul']",100203
4oDjh8wNW5vDHyFRrDYC4k,"['indie r&b', 'indie soul', 'london rap']",311619
5bfqwcEcRrMhtY9smw3IeJ,"['alternative r&b', 'underground hip hop']",49657
6CqjoQyGZlnhnq5gAUz92c,"['chicago rap', 'drill', 'lgbtq+ hip hop', 'underground hip hop']",98335
1ybINI1qPiFbwDXamRtwxD,"['alternative r&b', 'hip hop', 'rap', 'underground hip hop']",337658
1W3FSF1BLpY3hlVIgvenLz,"['dance pop', 'deep pop r&b', 'hip hop', 'hip pop', 'pop', 'r&b', 'southern hip hop', 'trap', 'urban contemporary']",748397
34t9RzI5oDMZJVmcoUZnJE,[],833
2p4NADimVKvKnagDt4tcRQ,[],7147
6XwcepfAsPhrvwziGxhwju,"['dance pop', 'deep pop r&b', 'hip hop', 'hip pop', 'miami hip hop', 'pop rap', 'r&b', 'rap', 'southern hip hop', 'trap', 'urban contemporary']",925006
2cWZOOzeOm4WmBJRnD5R7I,"['dance pop', 'pop', 'post-teen pop', 'r&b']",794247
4LLpKhyESsyAXpc4laK94U,"['hip hop', 'pittsburgh rap', 'rap']",4149675
3jK9MiCrA42lLAdMGUZpwa,['escape room'],1377630
2oazmaA42Jf78TZeTsUIDU,[],2591
5Lhxlge1CR1DrgDAje8Qaw,"['electropop', 'indie poptimism', 'indietronica', 'modern alternative rock', 'modern rock', 'vapor soul']",128071
1EpyA68dKpjf7jXmQL88Hy,"['alternative r&b', 'chicago rap', 'escape room', 'hip hop', 'indie soul', 'rap']",417075
0YWxKQj2Go9CGHCp77UOyy,"['dance pop', 'gangster rap', 'hip hop', 'pop rap', 'r&b', 'rap', 'trap', 'urban contemporary']",1488313
7urq0VfqxEYEEiZUkebXT4,"['atl hip hop', 'boy band', 'dance pop', 'gangster rap', 'hip pop', 'new jack swing', 'pop rap', 'r&b', 'rap', 'southern hip hop', 'urban contemporary']",653442
15qg3Tr23aMVGAruYtlMdg,[],211
5wBDD4FNJvob5fAGkAIQ92,"['hip pop', 'r&b', 'urban contemporary']",122657
6JvU33PZ8MtZyeFTESr09O,"['atl hip hop', 'chicano rap', 'melodic rap', 'trap', 'vapor trap']",434925
0ZrpamOxcZybMHGg1AYtHP,"['dance pop', 'hip pop', 'neo soul', 'pop', 'r&b', 'urban contemporary']",1545317
5Vuvs6Py2JRU7WiFDVsI7J,"['alternative r&b', 'deep pop r&b', 'indie r&b']",99336
4sTQVOfp9vEMCemLw50sbu,"['big room', 'dance pop', 'edm', 'electro house', 'pop', 'tropical house']",2906263
60d24wfXkVzDSfLS6hyCjZ,"['big room', 'edm', 'pop', 'progressive house', 'tropical house']",12923188
6xHUXzrfhFgnIv86EBR3Ml,[],16794
6fSNDuge2fLINdnCCbpZx6,"['canadian hip hop', 'indie pop rap']",43109
4Ws2otunReOa6BbwxxpCt6,"['dance pop', 'disco house', 'edm', 'electro house']",410517
6beTArFVpUujvkHi9FVPqs,['432hz'],9010
7vk5e3vY1uw9plTHJAMwjN,['electro house'],19587265
0Y0QSi6lz1bPik5Ffjr8sd,"['brostep', 'canadian electronic', 'edm', 'electro house', 'electronic trap', 'electropop', 'indie electropop', 'pop', 'pop edm', 'vapor soul', 'vapor twitch']",105438
28j8lBWDdDSHSSt5oPlsX2,"['edm', 'house']",539991
7r2uG6BlFXKcwmh9ItqlII,"['electropop', 'indie cafe pop', 'indie pop', 'indie poptimism', 'indiecoustica', 'indietronica', 'neo mellow', 'pop', 'pop rock']",138688
6Dd3NScHWwnW6obMFbl1BH,"['dance pop', 'electropop', 'indie poptimism', 'pop', 'post-teen pop', 'tropical house']",1068207
3t5xRXzsuZmMDkQzgOX35S,"['dance pop', 'deep euro house', 'deep house', 'edm', 'german dance', 'pop', 'tropical house']",2383488
1SlTeYo2NYg93bGqlQYkwE,"['brostep', 'zapstep']",15315
21AUdblPrTRzkvJn8FGrlk,"['bass house', 'brostep', 'edm', 'electro house', 'electronic trap', 'vapor twitch']",40373
5FWi1mowu6uiU2ZHwr1rby,"['brostep', 'catstep', 'complextro', 'edm', 'electro house']",319351
1c22GXH30ijlOfXhfLz9Df,"['latin', 'tropical']",431724
4XDi67ZENZcbfKnvMnTYsI,"['k-hop', 'k-pop', 'korean r&b']",983040
1mORehSVEd7lcaT2d7Sl2K,"['k-indie', 'k-pop', 'korean r&b']",422253
6aLdhHUqgdKE86xbtNmY8g,"['k-pop', 'korean r&b']",542151
4QDcs3XrA8uHUZ7Xt9Ytep,"['k-hop', 'k-indie', 'k-pop', 'korean pop']",45668
2QNPbJbzBuOgTPjHZ6176G,[],239
4k5fFEYgkWYrYvtOK3zVBl,"['k-pop', 'korean pop']",585537
0hT0UrjmzkLJouAT52ck6j,"['k-pop', 'korean pop']",39834
5hQLWplmzBcNxwGVqP3I5w,[],30
3fmAXFX05DFTaTkreemfxB,[],2992
5dCvSnVduaFleCnyy98JMo,"['k-indie', 'k-pop', 'korean pop', 'korean r&b']",428238
2frFGmni9tkRgXYdXmzQvR,['korean pop'],9206
5HenzRvMtSrgtvU16XAoby,"['k-hop', 'k-indie', 'k-pop', 'korean pop', 'korean r&b']",345665
68TCVp5t1Dxi2TvNuYoYK0,"['k-indie', 'korean pop']",16299
4kGuk6HkL6hwuQrgSWISBv,['k-indie'],32813
1CoMdr8e41eunTZrr2fDYT,[],976
0js3wKXyi7RL11sfOykRt1,['k-pop'],1519
2e4G04F77jxVuDYo44TCSm,"['k-pop', 'korean pop', 'korean r&b']",151953
